Unnamed: 0,MANDT,EBELN,BUKRS,BSTYP,BSART,BSAKZ,LOEKZ,STATU,AEDAT,ERNAM,PINCR,LPONR,LIFNR,SPRAS,ZTERM,ZBD1T,ZBD2T,ZBD3T,ZBD1P,ZBD2P,EKORG,EKGRP,WAERS,WKURS,KUFIX,BEDAT,KDATB,KDATE,BWBDT,ANGDT,BNDDT,GWLDT,AUSNR,ANGNR,IHRAN,IHREZ,VERKF,TELF1,LLIEF,KUNNR,KONNR,ABGRU,AUTLF,WEAKT,RESWK,LBLIF,INCO1,INCO2,KTWRT,SUBMI,KNUMV,KALSM,STAFO,LIFRE,EXNUM,UNSEZ,LOGSY,UPINC,STAKO,FRGGR,FRGSX,FRGKE,FRGZU,FRGRL,LANDS,LPHIS,ADRNR,STCEG,ABSGR,ADDNR,KORNR,MEMORY,RLWRT,REVNO,RETTP,RETPC,DPTYP,DPPCT,DPAMT,DPDAT,VSART
0,670,4500000000,US00,F,NB,,,9,05/03/2017,COCCHI,10,20,101999.0,E,1.0,0,0,0,0.0,0.0,US00,N00,USD,1.0,,04/12/2017,00/00/0000,00/00/0000,00/00/0000,00/00/0000,00/00/0000,00/00/0000,,,00/00/0000,,,,,,,,,,,,,,0.0,,1000000002,RM0000,SAP,,,,,1,,,,,,,US,,,,0,,,,0.0,,,0.0,,0.0,0.0,00/00/0000,
1,670,4500000001,US00,F,NB,,,9,04/23/2018,GBIFAC-01,10,10,125000.0,E,1.0,0,0,0,0.0,0.0,US00,N00,USD,1.0,,04/23/2018,00/00/0000,00/00/0000,00/00/0000,00/00/0000,00/00/0000,00/00/0000,,,00/00/0000,,,,,,,,,,,,,,0.0,,1000000020,RM0000,SAP,,,,,1,,,,,,,US,,,,0,,,,0.0,,,0.0,,0.0,0.0,00/00/0000,
2,670,4500000002,US00,F,NB,,,9,04/23/2018,GBIFAC-01,10,10,125000.0,E,1.0,0,0,0,0.0,0.0,US00,N00,USD,1.0,,04/23/2018,00/00/0000,00/00/0000,00/00/0000,00/00/0000,00/00/0000,00/00/0000,,,00/00/0000,,,,,,,,,,,,,,0.0,,1000000021,RM0000,SAP,,,,,1,,,,,,,US,,,,0,,,,0.0,,,0.0,,0.0,0.0,00/00/0000,
3,670,4500000003,US00,F,NB,,,9,04/26/2018,GBI-027,10,10,125001.0,E,,0,0,0,0.0,0.0,US00,N00,USD,1.0,,04/26/2018,00/00/0000,00/00/0000,00/00/0000,00/00/0000,00/00/0000,00/00/0000,,,00/00/0000,,,,,,,,,,,,,,0.0,,1000000022,RM0000,SAP,,,,,1,,,,,,,US,,,,0,,,,0.0,,,0.0,,0.0,0.0,00/00/0000,
4,670,4500000004,US00,F,NB,,,9,04/27/2018,GBI-011,10,10,125003.0,E,1.0,0,0,0,0.0,0.0,US00,N00,USD,1.0,,04/27/2018,00/00/0000,00/00/0000,00/00/0000,00/00/0000,00/00/0000,00/00/0000,,,00/00/0000,,,,,,,,,,,,,,0.0,,1000000023,RM0000,SAP,,,,,1,,,,,,,US,,,,0,,,,0.0,,,0.0,,0.0,0.0,00/00/0000,
5,670,4500000005,US00,F,NB,,,9,04/27/2018,GBI-028,10,10,125002.0,E,,0,0,0,0.0,0.0,US00,N00,USD,1.0,,04/27/2018,00/00/0000,00/00/0000,00/00/0000,00/00/0000,00/00/0000,00/00/0000,,,00/00/0000,,,,,,,,,,,,,,0.0,,1000000024,RM0000,SAP,,,,,1,,,,,,,US,,,,0,,,,0.0,,,0.0,,0.0,0.0,00/00/0000,
6,670,4500000006,US00,F,NB,,,9,04/27/2018,GBI-007,10,10,125006.0,E,1.0,0,0,0,0.0,0.0,US00,N00,USD,1.0,,04/27/2018,00/00/0000,00/00/0000,00/00/0000,00/00/0000,00/00/0000,00/00/0000,,,00/00/0000,,,,,,,,,,,,,,0.0,,1000000025,RM0000,SAP,,,,,1,,,,,,,US,,,,0,,,X,0.0,,,0.0,,0.0,0.0,00/00/0000,
7,670,4500000007,US00,F,NB,,,9,04/27/2018,GBI-015,10,10,125004.0,E,1.0,0,0,0,0.0,0.0,US00,N00,USD,1.0,,04/27/2018,00/00/0000,00/00/0000,00/00/0000,00/00/0000,00/00/0000,00/00/0000,,,00/00/0000,,,,,,,,,,,,,,0.0,,1000000026,RM0000,SAP,,,,,1,,,,,,,US,,,,0,,,,0.0,,,0.0,,0.0,0.0,00/00/0000,
8,670,4500000008,US00,F,NB,,,9,04/28/2018,GBI-030,10,10,125010.0,E,1.0,0,0,0,0.0,0.0,US00,N00,USD,1.0,,04/28/2018,00/00/0000,00/00/0000,00/00/0000,00/00/0000,00/00/0000,00/00/0000,,,00/00/0000,,,,,,,,,,,,,,0.0,,1000000027,RM0000,SAP,,,,,1,,,,,,,US,,,,0,,,,0.0,,,0.0,,0.0,0.0,00/00/0000,
9,670,4500000009,US00,F,NB,,,9,04/29/2018,GBI-086,10,10,125009.0,E,1.0,0,0,0,0.0,0.0,US00,N00,USD,1.0,,04/29/2018,00/00/0000,00/00/0000,00/00/0000,00/00/0000,00/00/0000,00/00/0000,,,00/00/0000,,,,,,,,,,,,,,0.0,,1000000028,RM0000,SAP,,,,,1,,,,,,,US,,,,0,,,,0.0,,,0.0,,0.0,0.0,00/00/0000,
10,670,4500000010,US00,F,NB,,,9,04/29/2018,GBI-007,10,10,125011.0,E,4.0,0,0,0,0.0,0.0,US00,N00,USD,1.0,,04/29/2018,00/00/0000,00/00/0000,00/00/0000,00/00/0000,00/00/0000,00/00/0000,,,00/00/0000,,,,,,,,,,,,,,0.0,,1000000029,RM0000,SAP,,,,,1,,,,,,,US,,,,0,,,,0.0,,,0.0,,0.0,0.0,00/00/0000,
11,670,4500000011,US00,F,NB,,,9,04/29/2018,GBI-007,10,10,125011.0,E,4.0,0,0,0,0.0,0.0,US00,N00,USD,1.0,,04/29/2018,00/00/0000,00/00/0000,00/00/0000,00/00/0000,00/00/0000,00/00/0000,,,00/00/0000,,,,,,,,,,,,,,0.0,,1000000030,RM0000,SAP,,,,,1,,,,,,,US,,,,0,,,,0.0,,,0.0,,0.0,0.0,00/00/0000,
12,670,4500000012,US00,F,NB,,,9,04/29/2018,GBI-056,10,10,125012.0,E,1.0,0,0,0,0.0,0.0,US00,N00,USD,1.0,,04/29/2018,00/00/0000,00/00/0000,00/00/0000,00/00/0000,00/00/0000,00/00/0000,,,00/00/0000,,,,,,,,,,,,,,0.0,,1000000031,RM0000,SAP,,,,,1,,,,,,,US,,,,0,,,,0.0,,,0.0,,0.0,0.0,00/00/0000,
13,670,4500000013,US00,F,NB,,,9,04/29/2018,GBI-090,10,10,125013.0,E,1.0,0,0,0,0.0,0.0,US00,N00,USD,1.0,,04/29/2018,00/00/0000,00/00/0000,00/00/0000,00/00/0000,00/00/0000,00/00/0000,,,00/00/0000,,,,,,,,,,,,,,0.0,,1000000032,RM0000,SAP,,,,,1,,,,,,,US,,,,0,,,,0.0,,,0.0,,0.0,0.0,00/00/0000,
14,670,4500000014,US00,F,NB,,,9,04/29/2018,GBI-026,10,10,125008.0,E,1.0,0,0,0,0.0,0.0,US00,N00,USD,1.0,,04/29/2018,00/00/0000,00/00/0000,00/00/0000,00/00/0000,00/00/0000,00/00/0000,,,00/00/0000,,,,,,,,,,,,,,0.0,,1000000033,RM0000,SAP,,,,,1,,,,,,,US,,,,0,,,,0.0,,,0.0,,0.0,0.0,00/00/0000,
15,670,4500000015,US00,F,NB,,,9,04/29/2018,GBI-018,10,10,125014.0,E,1.0,0,0,0,0.0,0.0,US00,N00,USD,1.0,,04/29/2018,00/00/0000,00/00/0000,00/00/0000,00/00/0000,00/00/0000,00/00/0000,,,00/00/0000,,,,,,,,,,,,,,0.0,,1000000034,RM0000,SAP,,,,,1,,,,,,,US,,,,0,,,,0.0,,,0.0,,0.0,0.0,00/00/0000,
16,670,4500000016,US00,F,NB,,,9,04/29/2018,GBI-023,10,10,125015.0,E,1.0,0,0,0,0.0,0.0,US00,N00,USD,1.0,,04/29/2018,00/00/0000,00/00/0000,00/00/0000,00/00/0000,00/00/0000,00/00/0000,,,00/00/0000,,,,,,,,,,,,,,0.0,,1000000035,RM0000,SAP,,,,,1,,,,,,,US,,,,0,,,,0.0,,,0.0,,0.0,0.0,00/00/0000,
17,670,4500000017,US00,F,NB,,,9,04/29/2018,GBI-023,10,10,125015.0,E,1.0,0,0,0,0.0,0.0,US00,N00,USD,1.0,,04/29/2018,00/00/0000,00/00/0000,00/00/0000,00/00/0000,00/00/0000,00/00/0000,,,00/00/0000,,,,,,,,,,,,,,0.0,,1000000036,RM0000,SAP,,,,,1,,,,,,,US,,,,0,,,,0.0,,,0.0,,0.0,0.0,00/00/0000,
18,670,4500000018,US00,F,NB,,,9,04/29/2018,GBI-023,10,10,125015.0,E,1.0,0,0,0,0.0,0.0,US00,N00,USD,1.0,,04/29/2018,00/00/0000,00/00/0000,00/00/0000,00/00/0000,00/00/0000,00/00/0000,,,00/00/0000,,,,,,,,,,,,,,0.0,,1000000037,RM0000,SAP,,,,,1,,,,,,,US,,,,0,,,,0.0,,,0.0,,0.0,0.0,00/00/0000,
19,670,4500000019,US00,F,NB,,,9,04/29/2018,GBI-022,10,10,125016.0,E,1.0,0,0,0,0.0,0.0,US00,N00,USD,1.0,,04/29/2018,00/00/0000,00/00/0000,00/00/0000,00/00/0000,00/00/0000,00/00/0000,,,00/00/0000,,,,,,,,,,,,,,0.0,,1000000038,RM0000,SAP,,,,,1,,,,,,,US,,,,0,,,,0.0,,,0.0,,0.0,0.0,00/00/0000,
20,670,4500000020,US00,F,NB,,,9,04/29/2018,GBI-022,10,10,125016.0,E,1.0,0,0,0,0.0,0.0,US00,N00,USD,1.0,,04/29/2018,00/00/0000,00/00/0000,00/00/0000,00/00/0000,00/00/0000,00/00/0000,,,00/00/0000,,,,,,,,,,,,,,0.0,,1000000039,RM0000,SAP,,,,,1,,,,,,,US,,,,0,,,,0.0,,,0.0,,0.0,0.0,00/00/0000,
21,670,4500000021,US00,F,NB,,,9,04/29/2018,GBI-035,10,10,125007.0,E,,0,0,0,0.0,0.0,US00,N00,USD,1.0,,04/29/2018,00/00/0000,00/00/0000,00/00/0000,00/00/0000,00/00/0000,00/00/0000,,,00/00/0000,,,,,,,,,,,,,,0.0,,1000000040,RM0000,SAP,,,,,1,,,,,,,US,,,,0,,,,0.0,,,0.0,,0.0,0.0,00/00/0000,
22,670,4500000022,US00,F,NB,,,9,04/29/2018,GBI-010,10,10,125018.0,E,1.0,0,0,0,0.0,0.0,US00,N00,USD,1.0,,04/29/2018,00/00/0000,00/00/0000,00/00/0000,00/00/0000,00/00/0000,00/00/0000,,,00/00/0000,,,,,,,,,,,,,,0.0,,1000000041,RM0000,SAP,,,,,1,,,,,,,US,,,,0,,,,0.0,,,0.0,,0.0,0.0,00/00/0000,
23,670,4500000023,US00,F,NB,,,9,04/30/2018,GBI-017,10,10,125017.0,E,1.0,0,0,0,0.0,0.0,US00,N00,USD,1.0,,04/30/2018,00/00/0000,00/00/0000,00/00/0000,00/00/0000,00/00/0000,00/00/0000,,,00/00/0000,,,,,,,,,,,,,,0.0,,1000000042,RM0000,SAP,,,,,1,,,,,,,US,,,,0,,,,0.0,,,0.0,,0.0,0.0,00/00/0000,
24,670,4500000024,US00,F,NB,,,9,04/30/2018,GBI-020,10,20,125021.0,E,1.0,0,0,0,0.0,0.0,US00,N00,USD,1.0,,04/30/2018,00/00/0000,00/00/0000,00/00/0000,00/00/0000,00/00/0000,00/00/0000,,,00/00/0000,,,,,,,,,,,,,,0.0,,1000000043,RM0000,SAP,,,,,1,,,,,,,US,,,,0,,,,0.0,,,0.0,,0.0,0.0,00/00/0000,
25,670,4500000025,US00,F,NB,,,9,04/30/2018,GBI-004,10,10,125022.0,E,1.0,0,0,0,0.0,0.0,US00,N00,USD,1.0,,04/30/2018,00/00/0000,00/00/0000,00/00/0000,00/00/0000,00/00/0000,00/00/0000,,,00/00/0000,,,,,,,,,,,,,,0.0,,1000000044,RM0000,SAP,,,,,1,,,,,,,US,,,,0,,,,0.0,,,0.0,,0.0,0.0,00/00/0000,
26,670,4500000026,US00,F,NB,,,9,04/30/2018,GBI-031,10,10,125019.0,E,1.0,0,0,0,0.0,0.0,US00,N00,USD,1.0,,04/30/2018,00/00/0000,00/00/0000,00/00/0000,00/00/0000,00/00/0000,00/00/0000,,,00/00/0000,,,,,,,,,,,,,,0.0,,1000000045,RM0000,SAP,,,,,1,,,,,,,US,,,,0,,,,0.0,,,0.0,,0.0,0.0,00/00/0000,
27,670,4500000027,US00,F,NB,,,9,04/30/2018,GBI-059,10,10,125020.0,E,1.0,0,0,0,0.0,0.0,US00,N00,USD,1.0,,04/30/2018,00/00/0000,00/00/0000,00/00/0000,00/00/0000,00/00/0000,00/00/0000,,,00/00/0000,,,,,,,,,,,,,,0.0,,1000000046,RM0000,SAP,,,,,1,,,,,,,US,,,,0,,,,0.0,,,0.0,,0.0,0.0,00/00/0000,
28,670,4500000028,US00,F,NB,,,9,04/30/2018,GBI-020,10,10,125021.0,E,1.0,0,0,0,0.0,0.0,US00,N00,USD,1.0,,04/30/2018,00/00/0000,00/00/0000,00/00/0000,00/00/0000,00/00/0000,00/00/0000,,,00/00/0000,,,,,,,,,,,,,,0.0,,1000000047,RM0000,SAP,,,,,1,,,,,,,US,,,,0,,,,0.0,,,0.0,,0.0,0.0,00/00/0000,
29,670,4500000029,US00,F,NB,,,9,04/30/2018,GBI-052,10,10,125023.0,E,1.0,0,0,0,0.0,0.0,US00,N00,USD,1.0,,04/30/2018,00/00/0000,00/00/0000,00/00/0000,00/00/0000,00/00/0000,00/00/0000,,,00/00/0000,,,,,,,,,,,,,,0.0,,1000000048,RM0000,SAP,,,,,1,,,,,,,US,,,,0,,,,0.0,,,0.0,,0.0,0.0,00/00/0000,
30,670,4500000030,US00,F,NB,,,9,05/01/2018,GBI-025,10,10,125025.0,E,1.0,0,0,0,0.0,0.0,US00,N00,USD,1.0,,05/01/2018,00/00/0000,00/00/0000,00/00/0000,00/00/0000,00/00/0000,00/00/0000,,,00/00/0000,,,,,,,,,,,,,,0.0,,1000000049,RM0000,SAP,,,,,1,,,,,,,US,,,,0,,,,0.0,,,0.0,,0.0,0.0,00/00/0000,
31,670,4500000031,US00,F,NB,,,9,05/01/2018,GBI-051,10,10,125024.0,E,1.0,0,0,0,0.0,0.0,US00,N00,USD,1.0,,05/01/2018,00/00/0000,00/00/0000,00/00/0000,00/00/0000,00/00/0000,00/00/0000,,,00/00/0000,,,,,,,,,,,,,,0.0,,1000000050,RM0000,SAP,,,,,1,,,,,,,US,,,,0,,,,0.0,,,0.0,,0.0,0.0,00/00/0000,
32,670,4500000032,US00,F,NB,,,9,05/01/2018,GBI-047,10,10,125026.0,E,4.0,0,0,0,0.0,0.0,US00,N00,USD,1.0,,05/01/2018,00/00/0000,00/00/0000,00/00/0000,00/00/0000,00/00/0000,00/00/0000,,,00/00/0000,,,,,,,,,,,,,,0.0,,1000000051,RM0000,SAP,,,,,1,,,,,,,US,,,,0,,,,0.0,,,0.0,,0.0,0.0,00/00/0000,
33,670,4500000033,US00,F,NB,,,9,05/01/2018,GBI-088,10,10,125027.0,E,1.0,0,0,0,0.0,0.0,US00,N00,USD,1.0,,05/01/2018,00/00/0000,00/00/0000,00/00/0000,00/00/0000,00/00/0000,00/00/0000,,,00/00/0000,,,,,,,,,,,,,,0.0,,1000000052,RM0000,SAP,,,,,1,,,,,,,US,,,,0,,,,0.0,,,0.0,,0.0,0.0,00/00/0000,
34,670,4500000034,US00,F,NB,,,9,05/01/2018,GBI-044,10,10,125029.0,E,1.0,0,0,0,0.0,0.0,US00,N00,USD,1.0,,05/01/2018,00/00/0000,00/00/0000,00/00/0000,00/00/0000,00/00/0000,00/00/0000,,,00/00/0000,,,,,,,,,,,,,,0.0,,1000000053,RM0000,SAP,,,,,1,,,,,,,US,,,,0,,,,0.0,,,0.0,,0.0,0.0,00/00/0000,
35,670,4500000035,US00,F,NB,,,9,05/01/2018,GBI-040,10,10,125031.0,E,1.0,0,0,0,0.0,0.0,US00,N00,USD,1.0,,05/01/2018,00/00/0000,00/00/0000,00/00/0000,00/00/0000,00/00/0000,00/00/0000,,,00/00/0000,,,,,,,,,,,,,,0.0,,1000000054,RM0000,SAP,,,,,1,,,,,,,US,,,,0,,,,0.0,,,0.0,,0.0,0.0,00/00/0000,
36,670,4500000036,US00,F,NB,,,9,05/01/2018,GBI-006,10,10,125032.0,E,1.0,0,0,0,0.0,0.0,US00,N00,USD,1.0,,05/01/2018,00/00/0000,00/00/0000,00/00/0000,00/00/0000,00/00/0000,00/00/0000,,,00/00/0000,,,,,,,,,,,,,,0.0,,1000000055,RM0000,SAP,,,,,1,,,,,,,US,,,,0,,,,0.0,,,0.0,,0.0,0.0,00/00/0000,
37,670,4500000037,US00,F,NB,,,9,05/01/2018,GBI-089,10,10,125034.0,E,1.0,0,0,0,0.0,0.0,US00,N00,USD,1.0,,05/01/2018,00/00/0000,00/00/0000,00/00/0000,00/00/0000,00/00/0000,00/00/0000,,,00/00/0000,,,,,,,,,,,,,,0.0,,1000000056,RM0000,SAP,,,,,1,,,,,,,US,,,,0,,,,0.0,,,0.0,,0.0,0.0,00/00/0000,
38,670,4500000038,US00,F,NB,,,9,05/01/2018,GBI-037,10,10,125033.0,E,1.0,0,0,0,0.0,0.0,US00,N00,USD,1.0,,05/01/2018,00/00/0000,00/00/0000,00/00/0000,00/00/0000,00/00/0000,00/00/0000,,,00/00/0000,,,,,,,,,,,,,,0.0,,1000000057,RM0000,SAP,,,,,1,,,,,,,US,,,,0,,,,0.0,,,0.0,,0.0,0.0,00/00/0000,
39,670,4500000039,US00,F,NB,,,9,05/01/2018,GBI-087,10,10,125035.0,E,1.0,0,0,0,0.0,0.0,US00,N00,USD,1.0,,05/01/2018,00/00/0000,00/00/0000,00/00/0000,00/00/0000,00/00/0000,00/00/0000,,,00/00/0000,,,,,,,,,,,,,,0.0,,1000000058,RM0000,SAP,,,,,1,,,,,,,US,,,,0,,,,0.0,,,0.0,,0.0,0.0,00/00/0000,
40,670,4500000040,US00,F,NB,,,9,05/01/2018,GBI-005,10,10,125028.0,E,,0,0,0,0.0,0.0,US00,N00,USDN,-1.0,,05/01/2018,00/00/0000,00/00/0000,00/00/0000,00/00/0000,00/00/0000,00/00/0000,,,00/00/0000,,,,,,,,,,,,,,0.0,,1000000059,RM0000,SAP,,,,,1,,,,,,,US,,,,0,,,,0.0,,,0.0,,0.0,0.0,00/00/0000,
41,670,4500000041,US00,F,NB,,,9,05/01/2018,GBI-034,10,10,125030.0,E,1.0,0,0,0,0.0,0.0,US00,N00,USD,1.0,,05/01/2018,00/00/0000,00/00/0000,00/00/0000,00/00/0000,00/00/0000,00/00/0000,,,00/00/0000,,,,,,,,,,,,,,0.0,,1000000060,RM0000,SAP,,,,,1,,,,,,,US,,,,0,,,,0.0,,,0.0,,0.0,0.0,00/00/0000,
42,670,4500000042,US00,F,NB,,,9,05/01/2018,GBI-049,10,10,125037.0,E,1.0,0,0,0,0.0,0.0,US00,N00,USD,1.0,,05/01/2018,00/00/0000,00/00/0000,00/00/0000,00/00/0000,00/00/0000,00/00/0000,,,00/00/0000,,,,,,,,,,,,,,0.0,,1000000061,RM0000,SAP,,,,,1,,,,,,,US,,,,0,,,,0.0,,,0.0,,0.0,0.0,00/00/0000,
43,670,4500000043,US00,F,NB,,,9,05/01/2018,GBI-013,10,10,125039.0,E,1.0,0,0,0,0.0,0.0,US00,N00,USD,1.0,,05/01/2018,00/00/0000,00/00/0000,00/00/0000,00/00/0000,00/00/0000,00/00/0000,,,00/00/0000,,,,,,,,,,,,,,0.0,,1000000062,RM0000,SAP,,,,,1,,,,,,,US,,,,0,,,,0.0,,,0.0,,0.0,0.0,00/00/0000,
44,670,4500000044,US00,F,NB,,,9,05/01/2018,GBI-032,10,10,125040.0,E,1.0,0,0,0,0.0,0.0,US00,N00,USD,1.0,,05/01/2018,00/00/0000,00/00/0000,00/00/0000,00/00/0000,00/00/0000,00/00/0000,,,00/00/0000,,,,,,,,,,,,,,0.0,,1000000063,RM0000,SAP,,,,,1,,,,,,,US,,,,0,,,,0.0,,,0.0,,0.0,0.0,00/00/0000,
45,670,4500000045,US00,F,NB,,,9,05/01/2018,GBI-016,10,10,125041.0,E,1.0,0,0,0,0.0,0.0,US00,N00,USD,1.0,,05/01/2018,00/00/0000,00/00/0000,00/00/0000,00/00/0000,00/00/0000,00/00/0000,,,00/00/0000,,,,,,,,,,,,,,0.0,,1000000064,RM0000,SAP,,,,,1,,,,,,,US,,,,0,,,,0.0,,,0.0,,0.0,0.0,00/00/0000,
46,670,4500000046,US00,F,NB,,,9,05/01/2018,GBI-050,10,10,125042.0,E,1.0,0,0,0,0.0,0.0,US00,N00,USD,1.0,,05/01/2018,00/00/0000,00/00/0000,00/00/0000,00/00/0000,00/00/0000,00/00/0000,,,00/00/0000,,,,,,,,,,,,,,0.0,,1000000065,RM0000,SAP,,,,,1,,,,,,,US,,,,0,,,,0.0,,,0.0,,0.0,0.0,00/00/0000,
47,670,4500000047,US00,F,NB,,,9,05/01/2018,GBI-085,10,10,125045.0,E,1.0,0,0,0,0.0,0.0,US00,N00,USD,1.0,,05/01/2018,00/00/0000,00/00/0000,00/00/0000,00/00/0000,00/00/0000,00/00/0000,,,00/00/0000,,,,,,,,,,,,,,0.0,,1000000066,RM0000,SAP,,,,,1,,,,,,,US,,,,0,,,,0.0,,,0.0,,0.0,0.0,00/00/0000,
48,670,4500000048,US00,F,NB,,,9,05/01/2018,GBI-038,10,10,125044.0,E,1.0,0,0,0,0.0,0.0,US00,N00,USD,1.0,,05/01/2018,00/00/0000,00/00/0000,00/00/0000,00/00/0000,00/00/0000,00/00/0000,,,00/00/0000,,,,,,,,,,,,,,0.0,,1000000067,RM0000,SAP,,,,,1,,,,,,,US,,,,0,,,,0.0,,,0.0,,0.0,0.0,00/00/0000,
49,670,4500000049,US00,F,NB,,,9,05/01/2018,GBI-039,10,10,125043.0,E,1.0,0,0,0,0.0,0.0,US00,N00,USD,1.0,,05/01/2018,00/00/0000,00/00/0000,00/00/0000,00/00/0000,00/00/0000,00/00/0000,,,00/00/0000,,,,,,,,,,,,,,0.0,,1000000068,RM0000,SAP,,,,,1,,,,,,,US,,,,0,,,,0.0,,,0.0,,0.0,0.0,00/00/0000,
50,670,4500000050,US00,F,NB,,,9,05/01/2018,GBI-024,10,10,125036.0,E,,0,0,0,0.0,0.0,US00,N00,USD,1.0,,05/01/2018,00/00/0000,00/00/0000,00/00/0000,00/00/0000,00/00/0000,00/00/0000,,,00/00/0000,,,,,,,,,,,,,,0.0,,1000000069,RM0000,SAP,,,,,1,,,,,,,US,,,,0,,,,0.0,,,0.0,,0.0,0.0,00/00/0000,
51,670,4500000051,US00,F,NB,,,9,05/01/2018,GBI-043,10,10,125048.0,E,,0,0,0,0.0,0.0,US00,N00,USD,1.0,,05/01/2018,00/00/0000,00/00/0000,00/00/0000,00/00/0000,00/00/0000,00/00/0000,,,00/00/0000,,,,,,,,,,,,,,0.0,,1000000070,RM0000,SAP,,,,,1,,,,,,,US,,,,0,,,,0.0,,,0.0,,0.0,0.0,00/00/0000,
52,670,4500000052,US00,F,NB,,,9,05/02/2018,GBI-043,10,10,125048.0,E,,0,0,0,0.0,0.0,US00,N00,USD,1.0,,05/02/2018,00/00/0000,00/00/0000,00/00/0000,00/00/0000,00/00/0000,00/00/0000,,,00/00/0000,,,,,,,,,,,,,,0.0,,1000000071,RM0000,SAP,,,,,1,,,,,,,US,,,,0,,,,0.0,,,0.0,,0.0,0.0,00/00/0000,
53,670,4500000053,US00,F,NB,,,9,05/01/2018,GBI-029,10,10,125049.0,E,1.0,0,0,0,0.0,0.0,US00,N00,USD,1.0,,05/01/2018,00/00/0000,00/00/0000,00/00/0000,00/00/0000,00/00/0000,00/00/0000,,,00/00/0000,,,,,,,,,,,,,,0.0,,1000000072,RM0000,SAP,,,,,1,,,,,,,US,,,,0,,,,0.0,,,0.0,,0.0,0.0,00/00/0000,
54,670,4500000054,US00,F,NB,,,9,05/01/2018,GBI-058,10,10,102369.0,E,1.0,0,0,0,0.0,0.0,US00,N00,USD,1.0,,05/01/2018,00/00/0000,00/00/0000,00/00/0000,00/00/0000,00/00/0000,00/00/0000,,,00/00/0000,,,,,,,,,,,,,,0.0,,1000000073,RM0000,SAP,,,,,1,,,,,,,US,,,,0,,,X,0.0,,,0.0,,0.0,0.0,00/00/0000,
55,670,4500000055,US00,F,NB,,,9,05/02/2018,GBI-019,10,10,125038.0,E,1.0,0,0,0,0.0,0.0,US00,N00,USD,1.0,,05/02/2018,00/00/0000,00/00/0000,00/00/0000,00/00/0000,00/00/0000,00/00/0000,,,00/00/0000,,,,,,,,,,,,,,0.0,,1000000074,RM0000,SAP,,,,,1,,,,,,,US,,,,0,,,,0.0,,,0.0,,0.0,0.0,00/00/0000,
56,670,4500000056,US00,F,NB,,,9,05/02/2018,GBI-045,10,10,125050.0,E,1.0,0,0,0,0.0,0.0,US00,N00,USD,1.0,,05/02/2018,00/00/0000,00/00/0000,00/00/0000,00/00/0000,00/00/0000,00/00/0000,,,00/00/0000,,,,,,,,,,,,,,0.0,,1000000075,RM0000,SAP,,,,,1,,,,,,,US,,,,0,,,,0.0,,,0.0,,0.0,0.0,00/00/0000,
57,670,4500000057,US00,F,NB,,,9,05/02/2018,GBI-021,10,10,125051.0,E,1.0,0,0,0,0.0,0.0,US00,N00,USD,1.0,,05/02/2018,00/00/0000,00/00/0000,00/00/0000,00/00/0000,00/00/0000,00/00/0000,,,00/00/0000,,,,,,,,,,,,,,0.0,,1000000076,RM0000,SAP,,,,,1,,,,,,,US,,,,0,,,X,0.0,,,0.0,,0.0,0.0,00/00/0000,
58,670,4500000058,US00,F,NB,,,9,05/02/2018,GBI-021,10,10,125051.0,E,1.0,0,0,0,0.0,0.0,US00,N00,USD,1.0,,05/02/2018,00/00/0000,00/00/0000,00/00/0000,00/00/0000,00/00/0000,00/00/0000,,,00/00/0000,,,,,,,,,,,,,,0.0,,1000000077,RM0000,SAP,,,,,1,,,,,,,US,,,,0,,,,0.0,,,0.0,,0.0,0.0,00/00/0000,
59,670,4500000059,US00,F,NB,,,9,05/02/2018,GBI-053,10,10,125053.0,E,1.0,0,0,0,0.0,0.0,US00,N00,USD,1.0,,05/02/2018,00/00/0000,00/00/0000,00/00/0000,00/00/0000,00/00/0000,00/00/0000,,,00/00/0000,,,,,,,,,,,,,,0.0,,1000000078,RM0000,SAP,,,,,1,,,,,,,US,,,,0,,,,0.0,,,0.0,,0.0,0.0,00/00/0000,
60,670,4500000060,US00,F,NB,,,9,05/02/2018,GBI-055,10,10,125055.0,E,1.0,0,0,0,0.0,0.0,US00,N00,USD,1.0,,05/02/2018,00/00/0000,00/00/0000,00/00/0000,00/00/0000,00/00/0000,00/00/0000,,,00/00/0000,,,,,,,,,,,,,,0.0,,1000000079,RM0000,SAP,,,,,1,,,,,,,US,,,,0,,,,0.0,,,0.0,,0.0,0.0,00/00/0000,
61,670,4500000061,US00,F,NB,,,9,05/02/2018,GBI-054,10,10,125057.0,E,,0,0,0,0.0,0.0,US00,N00,USD,1.0,,05/02/2018,00/00/0000,00/00/0000,00/00/0000,00/00/0000,00/00/0000,00/00/0000,,,00/00/0000,,,,,,,,,,,,,,0.0,,1000000080,RM0000,SAP,,,,,1,,,,,,,US,,,,0,,,,0.0,,,0.0,,0.0,0.0,00/00/0000,
62,670,4500000062,US00,F,NB,,,9,05/02/2018,GBI-036,10,10,125052.0,E,1.0,0,0,0,0.0,0.0,US00,N00,USD,1.0,,05/02/2018,00/00/0000,00/00/0000,00/00/0000,00/00/0000,00/00/0000,00/00/0000,,,00/00/0000,,,,,,,,,,,,,,0.0,,1000000081,RM0000,SAP,,,,,1,,,,,,,US,,,,0,,,,0.0,,,0.0,,0.0,0.0,00/00/0000,
63,670,4500000063,US00,F,NB,,,9,05/03/2018,GBIFAC-01,10,10,125000.0,E,1.0,0,0,0,0.0,0.0,US00,N00,USD,1.0,,05/03/2018,00/00/0000,00/00/0000,00/00/0000,00/00/0000,00/00/0000,00/00/0000,,,00/00/0000,,,,,,,,,,,,,,0.0,,1000000082,RM0000,SAP,,,,,1,,,,,,,US,,,,0,,,,0.0,,,0.0,,0.0,0.0,00/00/0000,
64,670,4500000064,US00,F,NB,,,9,05/03/2018,GBI-058,10,50,125058.0,E,1.0,0,0,0,0.0,0.0,US00,N00,USD,1.0,,05/03/2018,00/00/0000,00/00/0000,00/00/0000,00/00/0000,00/00/0000,00/00/0000,,,00/00/0000,,,,,,,,,,,,,,0.0,,1000000083,RM0000,SAP,,,,,1,,,,,,,US,,,,0,,,,0.0,,,0.0,,0.0,0.0,00/00/0000,
65,670,4500000065,US00,F,NB,,,9,05/04/2018,GBI-048,10,10,125060.0,E,1.0,0,0,0,0.0,0.0,US00,N00,USD,1.0,,05/04/2018,00/00/0000,00/00/0000,00/00/0000,00/00/0000,00/00/0000,00/00/0000,,,00/00/0000,,,,,,,,,,,,,,0.0,,1000000084,RM0000,SAP,,,,,1,,,,,,,US,,,,0,,,,0.0,,,0.0,,0.0,0.0,00/00/0000,
66,670,4500000066,US00,F,NB,,,9,05/07/2018,GBI-048,10,10,125000.0,E,1.0,0,0,0,0.0,0.0,US00,N00,USD,1.0,,05/07/2018,00/00/0000,00/00/0000,00/00/0000,00/00/0000,00/00/0000,00/00/0000,,,00/00/0000,,,,,,,,,,,,,,0.0,,1000000085,RM0000,SAP,,,,,1,,,,,,,US,,,,0,,,,0.0,,,0.0,,0.0,0.0,00/00/0000,
67,670,4500000067,US00,F,NB,,,9,05/07/2018,GBI-015,10,10,125032.0,E,1.0,0,0,0,0.0,0.0,US00,N00,USD,1.0,,05/07/2018,00/00/0000,00/00/0000,00/00/0000,00/00/0000,00/00/0000,00/00/0000,,,00/00/0000,,,,,,,,,,,,,,0.0,,1000000086,RM0000,SAP,,,,,1,,,,,,,US,,,,0,,,,0.0,,,0.0,,0.0,0.0,00/00/0000,
68,670,4500000068,US00,F,NB,,,9,05/07/2018,GBI-015,10,10,125021.0,E,1.0,0,0,0,0.0,0.0,US00,N00,USD,1.0,,05/07/2018,00/00/0000,00/00/0000,00/00/0000,00/00/0000,00/00/0000,00/00/0000,,,00/00/0000,,,,,,,,,,,,,,0.0,,1000000087,RM0000,SAP,,,,,1,,,,,,,US,,,,0,,,,0.0,,,0.0,,0.0,0.0,00/00/0000,
69,670,4500000069,US00,F,NB,,,9,05/07/2018,GBI-015,10,10,125040.0,E,1.0,0,0,0,0.0,0.0,US00,N00,USD,1.0,,05/07/2018,00/00/0000,00/00/0000,00/00/0000,00/00/0000,00/00/0000,00/00/0000,,,00/00/0000,,,,,,,,,,,,,,0.0,,1000000088,RM0000,SAP,,,,,1,,,,,,,US,,,,0,,,,0.0,,,0.0,,0.0,0.0,00/00/0000,
70,670,4500000070,US00,F,NB,,,9,05/07/2018,GBI-015,10,10,125000.0,E,1.0,0,0,0,0.0,0.0,US00,N00,USD,1.0,,05/07/2018,00/00/0000,00/00/0000,00/00/0000,00/00/0000,00/00/0000,00/00/0000,,,00/00/0000,,,,,,,,,,,,,,0.0,,1000000089,RM0000,SAP,,,,,1,,,,,,,US,,,,0,,,,0.0,,,0.0,,0.0,0.0,00/00/0000,
71,670,4500000071,US00,F,NB,,,9,05/08/2018,GBI-035,10,10,125036.0,E,,0,0,0,0.0,0.0,US00,N00,USD,1.0,,05/08/2018,00/00/0000,00/00/0000,00/00/0000,00/00/0000,00/00/0000,00/00/0000,,,00/00/0000,,,,,,,,,,,,,,0.0,,1000000090,RM0000,SAP,,,,,1,,,,,,,US,,,,0,,,,0.0,,,0.0,,0.0,0.0,00/00/0000,
72,670,4500000072,US00,F,NB,,,9,05/08/2018,GBI-035,10,10,125025.0,E,1.0,0,0,0,0.0,0.0,US00,N00,USD,1.0,,05/08/2018,00/00/0000,00/00/0000,00/00/0000,00/00/0000,00/00/0000,00/00/0000,,,00/00/0000,,,,,,,,,,,,,,0.0,,1000000091,RM0000,SAP,,,,,1,,,,,,,US,,,,0,,,,0.0,,,0.0,,0.0,0.0,00/00/0000,
73,670,4500000073,US00,F,NB,,,9,05/08/2018,GBI-035,10,10,125044.0,E,1.0,0,0,0,0.0,0.0,US00,N00,USD,1.0,,05/08/2018,00/00/0000,00/00/0000,00/00/0000,00/00/0000,00/00/0000,00/00/0000,,,00/00/0000,,,,,,,,,,,,,,0.0,,1000000092,RM0000,SAP,,,,,1,,,,,,,US,,,,0,,,,0.0,,,0.0,,0.0,0.0,00/00/0000,
74,670,4500000074,US00,F,NB,,,9,05/08/2018,GBI-035,10,10,125000.0,E,1.0,0,0,0,0.0,0.0,US00,N00,USD,1.0,,05/08/2018,00/00/0000,00/00/0000,00/00/0000,00/00/0000,00/00/0000,00/00/0000,,,00/00/0000,,,,,,,,,,,,,,0.0,,1000000093,RM0000,SAP,,,,,1,,,,,,,US,,,,0,,,,0.0,,,0.0,,0.0,0.0,00/00/0000,
75,670,4500000075,US00,F,NB,,,9,05/13/2018,GBI-006,10,10,125032.0,E,1.0,0,0,0,0.0,0.0,US00,N00,USD,1.0,,05/13/2018,00/00/0000,00/00/0000,00/00/0000,00/00/0000,00/00/0000,00/00/0000,,,00/00/0000,,,,,,,,,,,,,,0.0,,1000000094,RM0000,SAP,,,,,1,,,,,,,US,,,,0,,,,0.0,,,0.0,,0.0,0.0,00/00/0000,
76,670,4500000076,US00,F,NB,,,9,05/13/2018,GBI-006,10,10,125032.0,E,1.0,0,0,0,0.0,0.0,US00,N00,USD,1.0,,05/13/2018,00/00/0000,00/00/0000,00/00/0000,00/00/0000,00/00/0000,00/00/0000,,,00/00/0000,,,,,,,,,,,,,,0.0,,1000000095,RM0000,SAP,,,,,1,,,,,,,US,,,,0,,,,0.0,,,0.0,,0.0,0.0,00/00/0000,
77,670,4500000077,US00,F,NB,,,9,05/13/2018,GBI-006,10,10,125032.0,E,1.0,0,0,0,0.0,0.0,US00,N00,USD,1.0,,05/13/2018,00/00/0000,00/00/0000,00/00/0000,00/00/0000,00/00/0000,00/00/0000,,,00/00/0000,,,,,,,,,,,,,,0.0,,1000000096,RM0000,SAP,,,,,1,,,,,,,US,,,,0,,,,0.0,,,0.0,,0.0,0.0,00/00/0000,
78,670,4500000078,US00,F,NB,,,9,05/13/2018,GBI-006,10,10,125000.0,E,1.0,0,0,0,0.0,0.0,US00,N00,USD,1.0,,05/13/2018,00/00/0000,00/00/0000,00/00/0000,00/00/0000,00/00/0000,00/00/0000,,,00/00/0000,,,,,,,,,,,,,,0.0,,1000000097,RM0000,SAP,,,,,1,,,,,,,US,,,,0,,,,0.0,,,0.0,,0.0,0.0,00/00/0000,
79,670,4500000079,US00,F,NB,,,9,05/13/2018,GBI-006,10,10,125000.0,E,1.0,0,0,0,0.0,0.0,US00,N00,USD,1.0,,05/13/2018,00/00/0000,00/00/0000,00/00/0000,00/00/0000,00/00/0000,00/00/0000,,,00/00/0000,,,,,,,,,,,,,,0.0,,1000000098,RM0000,SAP,,,,,1,,,,,,,US,,,,0,,,,0.0,,,0.0,,0.0,0.0,00/00/0000,
80,670,4500000080,US00,F,NB,,,9,05/16/2018,GBI-052,10,10,107052.0,E,1.0,0,0,0,0.0,0.0,US00,N00,USD,1.0,,05/16/2018,00/00/0000,00/00/0000,00/00/0000,00/00/0000,00/00/0000,00/00/0000,,,00/00/0000,,,,,,,,,,,,,,0.0,,1000000099,RM0000,SAP,,,,,1,,,,,,,US,,,,0,,,,0.0,,,0.0,,0.0,0.0,00/00/0000,
81,670,4500000081,US00,F,NB,,,9,05/16/2018,GBI-059,10,10,107159.0,E,1.0,0,0,0,0.0,0.0,US00,N00,USD,1.0,,05/16/2018,00/00/0000,00/00/0000,00/00/0000,00/00/0000,00/00/0000,00/00/0000,,,00/00/0000,,,,,,,,,,,,,,0.0,,1000000100,RM0000,SAP,,,,,1,,,,,,,US,,,,0,,,,0.0,,,0.0,,0.0,0.0,00/00/0000,
82,670,4500000082,US00,F,NB,,,9,05/16/2018,GBI-059,10,10,110159.0,E,1.0,0,0,0,0.0,0.0,US00,N00,USD,1.0,,05/16/2018,00/00/0000,00/00/0000,00/00/0000,00/00/0000,00/00/0000,00/00/0000,,,00/00/0000,,,,,,,,,,,,,,0.0,,1000000101,RM0000,SAP,,,,,1,,,,,,,US,,,,0,,,,0.0,,,0.0,,0.0,0.0,00/00/0000,
83,670,4500000083,US00,F,NB,,,9,05/16/2018,GBI-052,10,10,103052.0,E,1.0,0,0,0,0.0,0.0,US00,N00,USD,1.0,,05/16/2018,00/00/0000,00/00/0000,00/00/0000,00/00/0000,00/00/0000,00/00/0000,,,00/00/0000,,,,,,,,,,,,,,0.0,,1000000102,RM0000,SAP,,,,,1,,,,,,,US,,,,0,,,,0.0,,,0.0,,0.0,0.0,00/00/0000,
84,670,4500000084,US00,F,NB,,,9,05/16/2018,GBI-059,10,10,111159.0,E,1.0,0,0,0,0.0,0.0,US00,N00,USD,1.0,,05/16/2018,00/00/0000,00/00/0000,00/00/0000,00/00/0000,00/00/0000,00/00/0000,,,00/00/0000,,,,,,,,,,,,,,0.0,,1000000103,RM0000,SAP,,,,,1,,,,,,,US,,,,0,,,,0.0,,,0.0,,0.0,0.0,00/00/0000,
85,670,4500000085,US00,F,NB,,,9,05/16/2018,GBI-052,10,10,111052.0,E,1.0,0,0,0,0.0,0.0,US00,N00,USD,1.0,,05/16/2018,00/00/0000,00/00/0000,00/00/0000,00/00/0000,00/00/0000,00/00/0000,,,00/00/0000,,,,,,,,,,,,,,0.0,,1000000104,RM0000,SAP,,,,,1,,,,,,,US,,,,0,,,,0.0,,,0.0,,0.0,0.0,00/00/0000,
86,670,4500000086,US00,F,NB,,,9,05/16/2018,GBI-059,10,10,103159.0,E,1.0,0,0,0,0.0,0.0,US00,N00,USD,1.0,,05/16/2018,00/00/0000,00/00/0000,00/00/0000,00/00/0000,00/00/0000,00/00/0000,,,00/00/0000,,,,,,,,,,,,,,0.0,,1000000105,RM0000,SAP,,,,,1,,,,,,,US,,,,0,,,,0.0,,,0.0,,0.0,0.0,00/00/0000,
87,670,4500000087,US00,F,NB,,,9,05/16/2018,GBI-052,10,10,112052.0,E,1.0,0,0,0,0.0,0.0,US00,N00,USD,1.0,,05/16/2018,00/00/0000,00/00/0000,00/00/0000,00/00/0000,00/00/0000,00/00/0000,,,00/00/0000,,,,,,,,,,,,,,0.0,,1000000106,RM0000,SAP,,,,,1,,,,,,,US,,,,0,,,,0.0,,,0.0,,0.0,0.0,00/00/0000,
88,670,4500000088,US00,F,NB,,,9,05/16/2018,GBI-023,10,10,125034.0,E,1.0,0,0,0,0.0,0.0,US00,N00,USD,1.0,,05/16/2018,00/00/0000,00/00/0000,00/00/0000,00/00/0000,00/00/0000,00/00/0000,,,00/00/0000,,,,,,,,,,,,,,0.0,,1000000107,RM0000,SAP,,,,,1,,,,,,,US,,,,0,,,,0.0,,,0.0,,0.0,0.0,00/00/0000,
89,670,4500000089,US00,F,NB,,,9,05/16/2018,GBI-023,10,10,125023.0,E,1.0,0,0,0,0.0,0.0,US00,N00,USD,1.0,,05/16/2018,00/00/0000,00/00/0000,00/00/0000,00/00/0000,00/00/0000,00/00/0000,,,00/00/0000,,,,,,,,,,,,,,0.0,,1000000108,RM0000,SAP,,,,,1,,,,,,,US,,,,0,,,,0.0,,,0.0,,0.0,0.0,00/00/0000,
90,670,4500000090,US00,F,NB,,,9,05/16/2018,GBI-023,10,10,125042.0,E,1.0,0,0,0,0.0,0.0,US00,N00,USD,1.0,,05/16/2018,00/00/0000,00/00/0000,00/00/0000,00/00/0000,00/00/0000,00/00/0000,,,00/00/0000,,,,,,,,,,,,,,0.0,,1000000109,RM0000,SAP,,,,,1,,,,,,,US,,,,0,,,,0.0,,,0.0,,0.0,0.0,00/00/0000,
91,670,4500000091,US00,F,NB,,,9,05/16/2018,GBI-023,10,10,125000.0,E,1.0,0,0,0,0.0,0.0,US00,N00,USD,1.0,,05/16/2018,00/00/0000,00/00/0000,00/00/0000,00/00/0000,00/00/0000,00/00/0000,,,00/00/0000,,,,,,,,,,,,,,0.0,,1000000110,RM0000,SAP,,,,,1,,,,,,,US,,,,0,,,,0.0,,,0.0,,0.0,0.0,00/00/0000,
92,670,4500000092,US00,F,NB,,,9,05/16/2018,GBI-022,10,10,110022.0,E,1.0,0,0,0,0.0,0.0,US00,N00,USD,1.0,,05/16/2018,00/00/0000,00/00/0000,00/00/0000,00/00/0000,00/00/0000,00/00/0000,,,00/00/0000,,,,,,,,,,,,,,0.0,,1000000111,RM0000,SAP,,,,,1,,,,,,,US,,,,0,,,,0.0,,,0.0,,0.0,0.0,00/00/0000,
93,670,4500000093,US00,F,NB,,,9,05/16/2018,GBI-045,10,10,125050.0,E,1.0,0,0,0,0.0,0.0,US00,N00,USD,1.0,,05/16/2018,00/00/0000,00/00/0000,00/00/0000,00/00/0000,00/00/0000,00/00/0000,,,00/00/0000,,,,,,,,,,,,,,0.0,,1000000112,RM0000,SAP,,,,,1,,,,,,,US,,,,0,,,,0.0,,,0.0,,0.0,0.0,00/00/0000,
94,670,4500000094,US00,F,NB,,,9,05/16/2018,GBI-034,10,10,125030.0,E,1.0,0,0,0,0.0,0.0,US00,N00,USD,1.0,,05/16/2018,00/00/0000,00/00/0000,00/00/0000,00/00/0000,00/00/0000,00/00/0000,,,00/00/0000,,,,,,,,,,,,,,0.0,,1000000113,RM0000,SAP,,,,,1,,,,,,,US,,,,0,,,,0.0,,,0.0,,0.0,0.0,00/00/0000,
95,670,4500000095,US00,F,NB,,,9,05/16/2018,GBI-034,10,10,125030.0,E,1.0,0,0,0,0.0,0.0,US00,N00,USD,1.0,,05/16/2018,00/00/0000,00/00/0000,00/00/0000,00/00/0000,00/00/0000,00/00/0000,,,00/00/0000,,,,,,,,,,,,,,0.0,,1000000114,RM0000,SAP,,,,,1,,,,,,,US,,,,0,,,,0.0,,,0.0,,0.0,0.0,00/00/0000,
96,670,4500000096,US00,F,NB,,,9,05/16/2018,GBI-045,10,10,125050.0,E,1.0,0,0,0,0.0,0.0,US00,N00,USD,1.0,,05/16/2018,00/00/0000,00/00/0000,00/00/0000,00/00/0000,00/00/0000,00/00/0000,,,00/00/0000,,,,,,,,,,,,,,0.0,,1000000115,RM0000,SAP,,,,,1,,,,,,,US,,,,0,,,,0.0,,,0.0,,0.0,0.0,00/00/0000,
97,670,4500000097,US00,F,NB,,,9,05/16/2018,GBI-045,10,10,125050.0,E,1.0,0,0,0,0.0,0.0,US00,N00,USD,1.0,,05/16/2018,00/00/0000,00/00/0000,00/00/0000,00/00/0000,00/00/0000,00/00/0000,,,00/00/0000,,,,,,,,,,,,,,0.0,,1000000116,RM0000,SAP,,,,,1,,,,,,,US,,,,0,,,,0.0,,,0.0,,0.0,0.0,00/00/0000,
98,670,4500000098,US00,F,NB,,,9,05/16/2018,GBI-034,10,10,125030.0,E,1.0,0,0,0,0.0,0.0,US00,N00,USD,1.0,,05/16/2018,00/00/0000,00/00/0000,00/00/0000,00/00/0000,00/00/0000,00/00/0000,,,00/00/0000,,,,,,,,,,,,,,0.0,,1000000117,RM0000,SAP,,,,,1,,,,,,,US,,,,0,,,,0.0,,,0.0,,0.0,0.0,00/00/0000,
99,670,4500000099,US00,F,NB,,,9,05/16/2018,GBI-034,10,10,125000.0,E,1.0,0,0,0,0.0,0.0,US00,N00,USD,1.0,,05/16/2018,00/00/0000,00/00/0000,00/00/0000,00/00/0000,00/00/0000,00/00/0000,,,00/00/0000,,,,,,,,,,,,,,0.0,,1000000118,RM0000,SAP,,,,,1,,,,,,,US,,,,0,,,,0.0,,,0.0,,0.0,0.0,00/00/0000,
100,670,4500000100,US00,F,NB,,,9,05/16/2018,GBI-045,10,10,125000.0,E,1.0,0,0,0,0.0,0.0,US00,N00,USD,1.0,,05/16/2018,00/00/0000,00/00/0000,00/00/0000,00/00/0000,00/00/0000,00/00/0000,,,00/00/0000,,,,,,,,,,,,,,0.0,,1000000119,RM0000,SAP,,,,,1,,,,,,,US,,,,0,,,,0.0,,,0.0,,0.0,0.0,00/00/0000,
101,670,4500000101,US00,F,NB,,,9,05/17/2018,GBI-020,10,10,110769.0,E,1.0,0,0,0,0.0,0.0,US00,N00,USD,1.0,,05/17/2018,00/00/0000,00/00/0000,00/00/0000,00/00/0000,00/00/0000,00/00/0000,,,00/00/0000,,,,,,,,,,,,,,0.0,,1000000120,RM0000,SAP,,,,,1,,,,,,,US,,,,0,,,,0.0,,,0.0,,0.0,0.0,00/00/0000,
102,670,4500000102,US00,F,NB,,,9,05/17/2018,GBI-018,10,10,105008.0,E,1.0,0,0,0,0.0,0.0,US00,N00,USD,1.0,,05/17/2018,00/00/0000,00/00/0000,00/00/0000,00/00/0000,00/00/0000,00/00/0000,,,00/00/0000,,,,,,,,,,,,,,0.0,,1000000121,RM0000,SAP,,,,,1,,,,,,,US,,,,0,,,,0.0,,,0.0,,0.0,0.0,00/00/0000,
103,670,4500000103,US00,F,NB,,,9,05/17/2018,GBI-022,10,10,105022.0,E,1.0,0,0,0,0.0,0.0,US00,N00,USD,1.0,,05/17/2018,00/00/0000,00/00/0000,00/00/0000,00/00/0000,00/00/0000,00/00/0000,,,00/00/0000,,,,,,,,,,,,,,0.0,,1000000122,RM0000,SAP,,,,,1,,,,,,,US,,,,0,,,,0.0,,,0.0,,0.0,0.0,00/00/0000,
104,670,4500000104,US00,F,NB,,,9,05/17/2018,GBI-018,10,10,105010.0,E,1.0,0,0,0,0.0,0.0,US00,N00,USD,1.0,,05/17/2018,00/00/0000,00/00/0000,00/00/0000,00/00/0000,00/00/0000,00/00/0000,,,00/00/0000,,,,,,,,,,,,,,0.0,,1000000123,RM0000,SAP,,,,,1,,,,,,,US,,,,0,,,,0.0,,,0.0,,0.0,0.0,00/00/0000,
105,670,4500000105,US00,F,NB,,,9,05/17/2018,GBI-018,10,10,105008.0,E,1.0,0,0,0,0.0,0.0,US00,N00,USD,1.0,,05/17/2018,00/00/0000,00/00/0000,00/00/0000,00/00/0000,00/00/0000,00/00/0000,,,00/00/0000,,,,,,,,,,,,,,0.0,,1000000124,RM0000,SAP,,,,,1,,,,,,,US,,,,0,,,,0.0,,,0.0,,0.0,0.0,00/00/0000,
106,670,4500000106,US00,F,NB,,,9,05/17/2018,GBI-022,10,10,110022.0,E,,0,0,0,0.0,0.0,,,USD,1.0,,05/17/2018,00/00/0000,00/00/0000,00/00/0000,00/00/0000,00/00/0000,00/00/0000,,,00/00/0000,,,,,,,,,,,,,,0.0,,1000000125,RM0000,SAP,,,,,1,,,,,,,US,,,,0,,,X,0.0,,,0.0,,0.0,0.0,00/00/0000,
107,670,4500000107,US00,F,NB,,,9,05/17/2018,GBI-022,10,10,110022.0,E,1.0,0,0,0,0.0,0.0,US00,N00,USD,1.0,,05/17/2018,00/00/0000,00/00/0000,00/00/0000,00/00/0000,00/00/0000,00/00/0000,,,00/00/0000,,,,,,,,,,,,,,0.0,,1000000126,RM0000,SAP,,,,,1,,,,,,,US,,,,0,,,,0.0,,,0.0,,0.0,0.0,00/00/0000,
108,670,4500000108,US00,F,NB,,,9,05/17/2018,GBI-022,10,10,125000.0,E,1.0,0,0,0,0.0,0.0,US00,N00,USD,1.0,,05/17/2018,00/00/0000,00/00/0000,00/00/0000,00/00/0000,00/00/0000,00/00/0000,,,00/00/0000,,,,,,,,,,,,,,0.0,,1000000128,RM0000,SAP,,,,,1,,,,,,,US,,,,0,,,,0.0,,,0.0,,0.0,0.0,00/00/0000,
109,670,4500000109,US00,F,NB,,,9,05/17/2018,GBI-019,10,10,125038.0,E,1.0,0,0,0,0.0,0.0,US00,N00,USD,1.0,,05/17/2018,00/00/0000,00/00/0000,00/00/0000,00/00/0000,00/00/0000,00/00/0000,,,00/00/0000,,,,,,,,,,,,,,0.0,,1000000129,RM0000,SAP,,,,,1,,,,,,,US,,,,0,,,,0.0,,,0.0,,0.0,0.0,00/00/0000,
110,670,4500000110,US00,F,NB,,,9,05/17/2018,GBI-037,10,10,110037.0,E,1.0,0,0,0,0.0,0.0,US00,N00,USD,1.0,,05/17/2018,00/00/0000,00/00/0000,00/00/0000,00/00/0000,00/00/0000,00/00/0000,,,00/00/0000,,,,,,,,,,,,,,0.0,,1000000130,RM0000,SAP,,,,,1,,,,,,,US,,,,0,,,,0.0,,,0.0,,0.0,0.0,00/00/0000,
111,670,4500000111,US00,F,NB,,,9,05/17/2018,GBI-089,10,10,111037.0,E,1.0,0,0,0,0.0,0.0,US00,N00,USD,1.0,,05/17/2018,00/00/0000,00/00/0000,00/00/0000,00/00/0000,00/00/0000,00/00/0000,,,00/00/0000,,,,,,,,,,,,,,0.0,,1000000131,RM0000,SAP,,,,,1,,,,,,,US,,,,0,,,,0.0,,,0.0,,0.0,0.0,00/00/0000,
112,670,4500000112,US00,F,NB,,,9,05/17/2018,GBI-010,10,10,125000.0,E,1.0,0,0,0,0.0,0.0,US00,N00,USD,1.0,,05/17/2018,00/00/0000,00/00/0000,00/00/0000,00/00/0000,00/00/0000,00/00/0000,,,00/00/0000,,,,,,,,,,,,,,0.0,,1000000132,RM0000,SAP,,,,,1,,,,,,,US,,,,0,,,,0.0,,,0.0,,0.0,0.0,00/00/0000,
113,670,4500000113,US00,F,NB,,,9,05/17/2018,GBI-032,10,10,105008.0,E,1.0,0,0,0,0.0,0.0,US00,N00,USD,1.0,,05/17/2018,00/00/0000,00/00/0000,00/00/0000,00/00/0000,00/00/0000,00/00/0000,,,00/00/0000,,,,,,,,,,,,,,0.0,,1000000133,RM0000,SAP,,,,,1,,,,,,,US,,,,0,,,,0.0,,,0.0,,0.0,0.0,00/00/0000,
114,670,4500000114,US00,F,NB,,,9,05/17/2018,GBI-020,10,10,107712.0,E,1.0,0,0,0,0.0,0.0,US00,N00,USD,1.0,,05/17/2018,00/00/0000,00/00/0000,00/00/0000,00/00/0000,00/00/0000,00/00/0000,,,00/00/0000,,,,,,,,,,,,,,0.0,,1000000134,RM0000,SAP,,,,,1,,,,,,,US,,,,0,,,,0.0,,,0.0,,0.0,0.0,00/00/0000,
115,670,4500000115,US00,F,NB,,,9,05/17/2018,GBI-019,10,10,125038.0,E,1.0,0,0,0,0.0,0.0,US00,N00,USD,1.0,,05/17/2018,00/00/0000,00/00/0000,00/00/0000,00/00/0000,00/00/0000,00/00/0000,,,00/00/0000,,,,,,,,,,,,,,0.0,,1000000135,RM0000,SAP,,,,,1,,,,,,,US,,,,0,,,,0.0,,,0.0,,0.0,0.0,00/00/0000,
116,670,4500000116,US00,F,NB,,,9,05/17/2018,GBI-037,10,10,107037.0,E,1.0,0,0,0,0.0,0.0,US00,N00,USD,1.0,,05/17/2018,00/00/0000,00/00/0000,00/00/0000,00/00/0000,00/00/0000,00/00/0000,,,00/00/0000,,,,,,,,,,,,,,0.0,,1000000136,RM0000,SAP,,,,,1,,,,,,,US,,,,0,,,,0.0,,,0.0,,0.0,0.0,00/00/0000,
117,670,4500000117,US00,F,NB,,,9,05/17/2018,GBI-089,10,10,107037.0,E,1.0,0,0,0,0.0,0.0,US00,N00,USD,1.0,,05/17/2018,00/00/0000,00/00/0000,00/00/0000,00/00/0000,00/00/0000,00/00/0000,,,00/00/0000,,,,,,,,,,,,,,0.0,,1000000137,RM0000,SAP,,,,,1,,,,,,,US,,,,0,,,,0.0,,,0.0,,0.0,0.0,00/00/0000,
118,670,4500000118,US00,F,NB,,,9,05/17/2018,GBI-037,10,10,106037.0,E,1.0,0,0,0,0.0,0.0,US00,N00,USD,1.0,,05/17/2018,00/00/0000,00/00/0000,00/00/0000,00/00/0000,00/00/0000,00/00/0000,,,00/00/0000,,,,,,,,,,,,,,0.0,,1000000138,RM0000,SAP,,,,,1,,,,,,,US,,,,0,,,,0.0,,,0.0,,0.0,0.0,00/00/0000,
119,670,4500000119,US00,F,NB,,,9,05/17/2018,GBI-010,10,10,125011.0,E,1.0,0,0,0,0.0,0.0,US00,N00,USD,1.0,,05/17/2018,00/00/0000,00/00/0000,00/00/0000,00/00/0000,00/00/0000,00/00/0000,,,00/00/0000,,,,,,,,,,,,,,0.0,,1000000139,RM0000,SAP,,,,,1,,,,,,,US,,,,0,,,,0.0,,,0.0,,0.0,0.0,00/00/0000,
120,670,4500000120,US00,F,NB,,,9,05/17/2018,GBI-089,10,10,106037.0,E,1.0,0,0,0,0.0,0.0,US00,N00,USD,1.0,,05/17/2018,00/00/0000,00/00/0000,00/00/0000,00/00/0000,00/00/0000,00/00/0000,,,00/00/0000,,,,,,,,,,,,,,0.0,,1000000140,RM0000,SAP,,,,,1,,,,,,,US,,,,0,,,,0.0,,,0.0,,0.0,0.0,00/00/0000,
121,670,4500000121,US00,F,NB,,,9,05/17/2018,GBI-020,10,10,105008.0,E,1.0,0,0,0,0.0,0.0,US00,N00,USD,1.0,,05/17/2018,00/00/0000,00/00/0000,00/00/0000,00/00/0000,00/00/0000,00/00/0000,,,00/00/0000,,,,,,,,,,,,,,0.0,,1000000141,RM0000,SAP,,,,,1,,,,,,,US,,,,0,,,,0.0,,,0.0,,0.0,0.0,00/00/0000,
122,670,4500000122,US00,F,NB,,,9,05/17/2018,GBI-019,10,10,125038.0,E,1.0,0,0,0,0.0,0.0,US00,N00,USD,1.0,,05/17/2018,00/00/0000,00/00/0000,00/00/0000,00/00/0000,00/00/0000,00/00/0000,,,00/00/0000,,,,,,,,,,,,,,0.0,,1000000142,RM0000,SAP,,,,,1,,,,,,,US,,,,0,,,,0.0,,,0.0,,0.0,0.0,00/00/0000,
123,670,4500000123,US00,F,NB,,,9,05/17/2018,GBI-010,10,10,125034.0,E,1.0,0,0,0,0.0,0.0,US00,N00,USD,1.0,,05/17/2018,00/00/0000,00/00/0000,00/00/0000,00/00/0000,00/00/0000,00/00/0000,,,00/00/0000,,,,,,,,,,,,,,0.0,,1000000143,RM0000,SAP,,,,,1,,,,,,,US,,,,0,,,,0.0,,,0.0,,0.0,0.0,00/00/0000,
124,670,4500000124,US00,F,NB,,,9,05/17/2018,GBI-044,10,10,105008.0,E,1.0,0,0,0,0.0,0.0,US00,N00,USD,1.0,,05/17/2018,00/00/0000,00/00/0000,00/00/0000,00/00/0000,00/00/0000,00/00/0000,,,00/00/0000,,,,,,,,,,,,,,0.0,,1000000144,RM0000,SAP,,,,,1,,,,,,,US,,,,0,,,,0.0,,,0.0,,0.0,0.0,00/00/0000,
125,670,4500000125,US00,F,NB,,,9,05/17/2018,GBI-048,10,10,105008.0,E,1.0,0,0,0,0.0,0.0,US00,N00,USD,1.0,,05/17/2018,00/00/0000,00/00/0000,00/00/0000,00/00/0000,00/00/0000,00/00/0000,,,00/00/0000,,,,,,,,,,,,,,0.0,,1000000145,RM0000,SAP,,,,,1,,,,,,,US,,,,0,,,,0.0,,,0.0,,0.0,0.0,00/00/0000,
126,670,4500000126,US00,F,NB,,,9,05/17/2018,GBI-037,10,10,125000.0,E,1.0,0,0,0,0.0,0.0,US00,N00,USD,1.0,,05/17/2018,00/00/0000,00/00/0000,00/00/0000,00/00/0000,00/00/0000,00/00/0000,,,00/00/0000,,,,,,,,,,,,,,0.0,,1000000146,RM0000,SAP,,,,,1,,,,,,,US,,,,0,,,,0.0,,,0.0,,0.0,0.0,00/00/0000,
127,670,4500000127,US00,F,NB,,,9,05/17/2018,GBI-089,10,10,125000.0,E,1.0,0,0,0,0.0,0.0,US00,N00,USD,1.0,,05/17/2018,00/00/0000,00/00/0000,00/00/0000,00/00/0000,00/00/0000,00/00/0000,,,00/00/0000,,,,,,,,,,,,,,0.0,,1000000147,RM0000,SAP,,,,,1,,,,,,,US,,,,0,,,,0.0,,,0.0,,0.0,0.0,00/00/0000,
128,670,4500000128,US00,F,NB,,,9,05/17/2018,GBI-047,10,10,125023.0,E,1.0,0,0,0,0.0,0.0,US00,N00,USD,1.0,,05/17/2018,00/00/0000,00/00/0000,00/00/0000,00/00/0000,00/00/0000,00/00/0000,,,00/00/0000,,,,,,,,,,,,,,0.0,,1000000148,RM0000,SAP,,,,,1,,,,,,,US,,,,0,,,,0.0,,,0.0,,0.0,0.0,00/00/0000,
129,670,4500000129,US00,F,NB,,,9,05/17/2018,GBI-088,10,10,125006.0,E,1.0,0,0,0,0.0,0.0,US00,N00,USD,1.0,,05/17/2018,00/00/0000,00/00/0000,00/00/0000,00/00/0000,00/00/0000,00/00/0000,,,00/00/0000,,,,,,,,,,,,,,0.0,,1000000149,RM0000,SAP,,,,,1,,,,,,,US,,,,0,,,,0.0,,,0.0,,0.0,0.0,00/00/0000,
130,670,4500000130,US00,F,NB,,,9,05/17/2018,GBI-015,10,10,125000.0,E,1.0,0,0,0,0.0,0.0,US00,N00,USD,1.0,,05/17/2018,00/00/0000,00/00/0000,00/00/0000,00/00/0000,00/00/0000,00/00/0000,,,00/00/0000,,,,,,,,,,,,,,0.0,,1000000150,RM0000,SAP,,,,,1,,,,,,,US,,,,0,,,,0.0,,,0.0,,0.0,0.0,00/00/0000,
131,670,4500000131,US00,F,NB,,,9,05/17/2018,GBI-088,10,10,125014.0,E,1.0,0,0,0,0.0,0.0,US00,N00,USD,1.0,,05/17/2018,00/00/0000,00/00/0000,00/00/0000,00/00/0000,00/00/0000,00/00/0000,,,00/00/0000,,,,,,,,,,,,,,0.0,,1000000151,RM0000,SAP,,,,,1,,,,,,,US,,,,0,,,,0.0,,,0.0,,0.0,0.0,00/00/0000,
132,670,4500000132,US00,F,NB,,,9,05/17/2018,GBI-047,10,10,125017.0,E,1.0,0,0,0,0.0,0.0,US00,N00,USD,1.0,,05/17/2018,00/00/0000,00/00/0000,00/00/0000,00/00/0000,00/00/0000,00/00/0000,,,00/00/0000,,,,,,,,,,,,,,0.0,,1000000152,RM0000,SAP,,,,,1,,,,,,,US,,,,0,,,,0.0,,,0.0,,0.0,0.0,00/00/0000,
133,670,4500000133,US00,F,NB,,,9,05/17/2018,GBI-088,10,10,125039.0,E,1.0,0,0,0,0.0,0.0,US00,N00,USD,1.0,,05/17/2018,00/00/0000,00/00/0000,00/00/0000,00/00/0000,00/00/0000,00/00/0000,,,00/00/0000,,,,,,,,,,,,,,0.0,,1000000153,RM0000,SAP,,,,,1,,,,,,,US,,,,0,,,,0.0,,,0.0,,0.0,0.0,00/00/0000,
134,670,4500000134,US00,F,NB,,,9,05/17/2018,GBI-088,10,10,125039.0,E,1.0,0,0,0,0.0,0.0,US00,N00,USD,1.0,,05/17/2018,00/00/0000,00/00/0000,00/00/0000,00/00/0000,00/00/0000,00/00/0000,,,00/00/0000,,,,,,,,,,,,,,0.0,,1000000154,RM0000,SAP,,,,,1,,,,,,,US,,,,0,,,,0.0,,,0.0,,0.0,0.0,00/00/0000,
135,670,4500000135,US00,F,NB,,,9,05/17/2018,GBI-039,10,10,125017.0,E,1.0,0,0,0,0.0,0.0,US00,N00,USD,1.0,,05/17/2018,00/00/0000,00/00/0000,00/00/0000,00/00/0000,00/00/0000,00/00/0000,,,00/00/0000,,,,,,,,,,,,,,0.0,,1000000155,RM0000,SAP,,,,,1,,,,,,,US,,,,0,,,,0.0,,,0.0,,0.0,0.0,00/00/0000,
136,670,4500000136,US00,F,NB,,,9,05/17/2018,GBI-038,10,10,101038.0,E,1.0,0,0,0,0.0,0.0,US00,N00,USD,1.0,,05/17/2018,00/00/0000,00/00/0000,00/00/0000,00/00/0000,00/00/0000,00/00/0000,,,00/00/0000,,,,,,,,,,,,,,0.0,,1000000156,RM0000,SAP,,,,,1,,,,,,,US,,,,0,,,,0.0,,,0.0,,0.0,0.0,00/00/0000,
137,670,4500000137,US00,F,NB,,,9,05/17/2018,GBI-039,10,10,103039.0,E,1.0,0,0,0,0.0,0.0,US00,N00,USD,1.0,,05/17/2018,00/00/0000,00/00/0000,00/00/0000,00/00/0000,00/00/0000,00/00/0000,,,00/00/0000,,,,,,,,,,,,,,0.0,,1000000157,RM0000,SAP,,,,,1,,,,,,,US,,,,0,,,,0.0,,,0.0,,0.0,0.0,00/00/0000,
138,670,4500000138,US00,F,NB,,,9,05/17/2018,GBI-038,10,10,101038.0,E,1.0,0,0,0,0.0,0.0,US00,N00,USD,1.0,,05/17/2018,00/00/0000,00/00/0000,00/00/0000,00/00/0000,00/00/0000,00/00/0000,,,00/00/0000,,,,,,,,,,,,,,0.0,,1000000158,RM0000,SAP,,,,,1,,,,,,,US,,,,0,,,,0.0,,,0.0,,0.0,0.0,00/00/0000,
139,670,4500000139,US00,F,NB,,,9,05/17/2018,GBI-020,10,10,106837.0,E,1.0,0,0,0,0.0,0.0,US00,N00,USD,1.0,,05/17/2018,00/00/0000,00/00/0000,00/00/0000,00/00/0000,00/00/0000,00/00/0000,,,00/00/0000,,,,,,,,,,,,,,0.0,,1000000159,RM0000,SAP,,,,,1,,,,,,,US,,,,0,,,,0.0,,,0.0,,0.0,0.0,00/00/0000,
140,670,4500000140,US00,F,NB,,,9,05/17/2018,GBI-043,10,10,125047.0,E,,0,0,0,0.0,0.0,US00,N00,USD,1.0,,05/17/2018,00/00/0000,00/00/0000,00/00/0000,00/00/0000,00/00/0000,00/00/0000,,,00/00/0000,,,,,,,,,,,,,,0.0,,1000000160,RM0000,SAP,,,,,1,,,,,,,US,,,,0,,,,0.0,,,0.0,,0.0,0.0,00/00/0000,
141,670,4500000141,US00,F,NB,,,9,05/17/2018,GBI-088,10,10,125000.0,E,1.0,0,0,0,0.0,0.0,US00,N00,USD,1.0,,05/17/2018,00/00/0000,00/00/0000,00/00/0000,00/00/0000,00/00/0000,00/00/0000,,,00/00/0000,,,,,,,,,,,,,,0.0,,1000000161,RM0000,SAP,,,,,1,,,,,,,US,,,,0,,,,0.0,,,0.0,,0.0,0.0,00/00/0000,
142,670,4500000142,US00,F,NB,,,9,05/17/2018,GBI-039,10,10,111039.0,E,1.0,0,0,0,0.0,0.0,US00,N00,USD,1.0,,05/17/2018,00/00/0000,00/00/0000,00/00/0000,00/00/0000,00/00/0000,00/00/0000,,,00/00/0000,,,,,,,,,,,,,,0.0,,1000000162,RM0000,SAP,,,,,1,,,,,,,US,,,,0,,,,0.0,,,0.0,,0.0,0.0,00/00/0000,
143,670,4500000143,US00,F,NB,,,9,05/17/2018,GBI-038,10,10,101038.0,E,1.0,0,0,0,0.0,0.0,US00,N00,USD,1.0,,05/17/2018,00/00/0000,00/00/0000,00/00/0000,00/00/0000,00/00/0000,00/00/0000,,,00/00/0000,,,,,,,,,,,,,,0.0,,1000000163,RM0000,SAP,,,,,1,,,,,,,US,,,,0,,,,0.0,,,0.0,,0.0,0.0,00/00/0000,
144,670,4500000144,US00,F,NB,,,9,05/17/2018,GBI-020,10,10,125000.0,E,1.0,0,0,0,0.0,0.0,US00,N00,USD,1.0,,05/17/2018,00/00/0000,00/00/0000,00/00/0000,00/00/0000,00/00/0000,00/00/0000,,,00/00/0000,,,,,,,,,,,,,,0.0,,1000000164,RM0000,SAP,,,,,1,,,,,,,US,,,,0,,,,0.0,,,0.0,,0.0,0.0,00/00/0000,
145,670,4500000145,US00,F,NB,,,9,05/17/2018,GBI-048,10,10,108318.0,E,1.0,0,0,0,0.0,0.0,US00,N00,USD,1.0,,05/17/2018,00/00/0000,00/00/0000,00/00/0000,00/00/0000,00/00/0000,00/00/0000,,,00/00/0000,,,,,,,,,,,,,,0.0,,1000000165,RM0000,SAP,,,,,1,,,,,,,US,,,,0,,,,0.0,,,0.0,,0.0,0.0,00/00/0000,
146,670,4500000146,US00,F,NB,,,9,05/17/2018,GBI-043,10,10,125039.0,E,1.0,0,0,0,0.0,0.0,US00,N00,USD,1.0,,05/17/2018,00/00/0000,00/00/0000,00/00/0000,00/00/0000,00/00/0000,00/00/0000,,,00/00/0000,,,,,,,,,,,,,,0.0,,1000000166,RM0000,SAP,,,,,1,,,,,,,US,,,,0,,,,0.0,,,0.0,,0.0,0.0,00/00/0000,
147,670,4500000147,US00,F,NB,,,9,05/17/2018,GBI-038,10,10,125000.0,E,1.0,0,0,0,0.0,0.0,US00,N00,USD,1.0,,05/17/2018,00/00/0000,00/00/0000,00/00/0000,00/00/0000,00/00/0000,00/00/0000,,,00/00/0000,,,,,,,,,,,,,,0.0,,1000000167,RM0000,SAP,,,,,1,,,,,,,US,,,,0,,,,0.0,,,0.0,,0.0,0.0,00/00/0000,
148,670,4500000148,US00,F,NB,,,9,05/17/2018,GBI-039,10,10,125000.0,E,1.0,0,0,0,0.0,0.0,US00,N00,USD,1.0,,05/17/2018,00/00/0000,00/00/0000,00/00/0000,00/00/0000,00/00/0000,00/00/0000,,,00/00/0000,,,,,,,,,,,,,,0.0,,1000000168,RM0000,SAP,,,,,1,,,,,,,US,,,,0,,,,0.0,,,0.0,,0.0,0.0,00/00/0000,
149,670,4500000149,US00,F,NB,,,9,05/17/2018,GBI-038,10,10,101038.0,E,1.0,0,0,0,0.0,0.0,US00,N00,USD,1.0,,05/17/2018,00/00/0000,00/00/0000,00/00/0000,00/00/0000,00/00/0000,00/00/0000,,,00/00/0000,,,,,,,,,,,,,,0.0,,1000000169,RM0000,SAP,,,,,1,,,,,,,US,,,,0,,,,0.0,,,0.0,,0.0,0.0,00/00/0000,
150,670,4500000150,US00,F,NB,,,9,05/17/2018,GBI-043,10,10,125018.0,E,1.0,0,0,0,0.0,0.0,US00,N00,USD,1.0,,05/01/2018,00/00/0000,00/00/0000,00/00/0000,00/00/0000,00/00/0000,00/00/0000,,,00/00/0000,,,,,,,,,,,,,,0.0,,1000000170,RM0000,SAP,,,,,1,,,,,,,US,,,,0,,,,0.0,,,0.0,,0.0,0.0,00/00/0000,
151,670,4500000151,US00,F,NB,,,9,05/17/2018,GBI-043,10,10,125000.0,E,1.0,0,0,0,0.0,0.0,US00,N00,USD,1.0,,05/01/2018,00/00/0000,00/00/0000,00/00/0000,00/00/0000,00/00/0000,00/00/0000,,,00/00/0000,,,,,,,,,,,,,,0.0,,1000000171,RM0000,SAP,,,,,1,,,,,,,US,,,,0,,,,0.0,,,0.0,,0.0,0.0,00/00/0000,
152,670,4500000152,US00,F,NB,,,9,05/17/2018,GBI-044,10,10,125017.0,E,1.0,0,0,0,0.0,0.0,US00,N00,USD,1.0,,05/17/2018,00/00/0000,00/00/0000,00/00/0000,00/00/0000,00/00/0000,00/00/0000,,,00/00/0000,,,,,,,,,,,,,,0.0,,1000000172,RM0000,SAP,,,,,1,,,,,,,US,,,,0,,,,0.0,,,0.0,,0.0,0.0,00/00/0000,
153,670,4500000153,US00,F,NB,,,9,05/17/2018,GBI-048,10,10,125038.0,E,1.0,0,0,0,0.0,0.0,US00,N00,USD,1.0,,05/17/2018,00/00/0000,00/00/0000,00/00/0000,00/00/0000,00/00/0000,00/00/0000,,,00/00/0000,,,,,,,,,,,,,,0.0,,1000000173,RM0000,SAP,,,,,1,,,,,,,US,,,,0,,,,0.0,,,0.0,,0.0,0.0,00/00/0000,
154,670,4500000154,US00,F,NB,,,9,05/17/2018,GBI-042,10,10,125063.0,E,1.0,0,0,0,0.0,0.0,US00,N00,USD,1.0,,05/17/2018,00/00/0000,00/00/0000,00/00/0000,00/00/0000,00/00/0000,00/00/0000,,,00/00/0000,,,,,,,,,,,,,,0.0,,1000000174,RM0000,SAP,,,,,1,,,,,,,US,,,,0,,,X,0.0,,,0.0,,0.0,0.0,00/00/0000,
155,670,4500000155,US00,F,NB,,,9,05/17/2018,GBI-042,10,10,125063.0,E,1.0,0,0,0,0.0,0.0,US00,N00,USD,1.0,,05/17/2018,00/00/0000,00/00/0000,00/00/0000,00/00/0000,00/00/0000,00/00/0000,,,00/00/0000,,,,,,,,,,,,,,0.0,,1000000175,RM0000,SAP,,,,,1,,,,,,,US,,,,0,,,X,0.0,,,0.0,,0.0,0.0,00/00/0000,
156,670,4500000156,US00,F,NB,,,9,05/17/2018,GBI-016,10,10,125037.0,E,1.0,0,0,0,0.0,0.0,US00,N00,USD,1.0,,05/17/2018,00/00/0000,00/00/0000,00/00/0000,00/00/0000,00/00/0000,00/00/0000,,,00/00/0000,,,,,,,,,,,,,,0.0,,1000000176,RM0000,SAP,,,,,1,,,,,,,US,,,,0,,,,0.0,,,0.0,,0.0,0.0,00/00/0000,
157,670,4500000157,US00,F,NB,,,9,05/17/2018,GBI-016,10,10,125023.0,E,1.0,0,0,0,0.0,0.0,US00,N00,USD,1.0,,05/17/2018,00/00/0000,00/00/0000,00/00/0000,00/00/0000,00/00/0000,00/00/0000,,,00/00/0000,,,,,,,,,,,,,,0.0,,1000000177,RM0000,SAP,,,,,1,,,,,,,US,,,,0,,,,0.0,,,0.0,,0.0,0.0,00/00/0000,
158,670,4500000158,US00,F,NB,,,9,05/17/2018,GBI-040,10,10,125003.0,E,1.0,0,0,0,0.0,0.0,US00,N00,USD,1.0,,05/17/2018,00/00/0000,00/00/0000,00/00/0000,00/00/0000,00/00/0000,00/00/0000,,,00/00/0000,,,,,,,,,,,,,,0.0,,1000000178,RM0000,SAP,,,,,1,,,,,,,US,,,,0,,,,0.0,,,0.0,,0.0,0.0,00/00/0000,
159,670,4500000159,US00,F,NB,,,9,05/17/2018,GBI-016,10,10,125016.0,E,1.0,0,0,0,0.0,0.0,US00,N00,USD,1.0,,05/17/2018,00/00/0000,00/00/0000,00/00/0000,00/00/0000,00/00/0000,00/00/0000,,,00/00/0000,,,,,,,,,,,,,,0.0,,1000000179,RM0000,SAP,,,,,1,,,,,,,US,,,,0,,,,0.0,,,0.0,,0.0,0.0,00/00/0000,
160,670,4500000160,US00,F,NB,,,9,05/17/2018,GBI-040,10,10,125003.0,E,1.0,0,0,0,0.0,0.0,US00,N00,USD,1.0,,05/17/2018,00/00/0000,00/00/0000,00/00/0000,00/00/0000,00/00/0000,00/00/0000,,,00/00/0000,,,,,,,,,,,,,,0.0,,1000000180,RM0000,SAP,,,,,1,,,,,,,US,,,,0,,,,0.0,,,0.0,,0.0,0.0,00/00/0000,
161,670,4500000161,US00,F,NB,,,9,05/17/2018,GBI-016,10,10,125000.0,E,1.0,0,0,0,0.0,0.0,US00,N00,USD,1.0,,05/17/2018,00/00/0000,00/00/0000,00/00/0000,00/00/0000,00/00/0000,00/00/0000,,,00/00/0000,,,,,,,,,,,,,,0.0,,1000000181,RM0000,SAP,,,,,1,,,,,,,US,,,,0,,,,0.0,,,0.0,,0.0,0.0,00/00/0000,
162,670,4500000162,US00,F,NB,,,9,05/17/2018,GBI-043,10,10,103043.0,E,1.0,0,0,0,0.0,0.0,US00,N00,USD,1.0,,05/17/2018,00/00/0000,00/00/0000,00/00/0000,00/00/0000,00/00/0000,00/00/0000,,,00/00/0000,,,,,,,,,,,,,,0.0,,1000000182,RM0000,SAP,,,,,1,,,,,,,US,,,,0,,,,0.0,,,0.0,,0.0,0.0,00/00/0000,
163,670,4500000163,US00,F,NB,,,9,05/17/2018,GBI-043,10,10,107043.0,E,1.0,0,0,0,0.0,0.0,US00,N00,USD,1.0,,05/17/2018,00/00/0000,00/00/0000,00/00/0000,00/00/0000,00/00/0000,00/00/0000,,,00/00/0000,,,,,,,,,,,,,,0.0,,1000000183,RM0000,SAP,,,,,1,,,,,,,US,,,,0,,,,0.0,,,0.0,,0.0,0.0,00/00/0000,
164,670,4500000164,US00,F,NB,,,9,05/17/2018,GBI-043,10,10,108043.0,E,1.0,0,0,0,0.0,0.0,US00,N00,USD,1.0,,05/17/2018,00/00/0000,00/00/0000,00/00/0000,00/00/0000,00/00/0000,00/00/0000,,,00/00/0000,,,,,,,,,,,,,,0.0,,1000000184,RM0000,SAP,,,,,1,,,,,,,US,,,,0,,,,0.0,,,0.0,,0.0,0.0,00/00/0000,
165,670,4500000165,US00,F,NB,,,9,05/17/2018,GBI-043,10,10,106043.0,E,1.0,0,0,0,0.0,0.0,US00,N00,USD,1.0,,05/17/2018,00/00/0000,00/00/0000,00/00/0000,00/00/0000,00/00/0000,00/00/0000,,,00/00/0000,,,,,,,,,,,,,,0.0,,1000000185,RM0000,SAP,,,,,1,,,,,,,US,,,,0,,,,0.0,,,0.0,,0.0,0.0,00/00/0000,
166,670,4500000166,US00,F,NB,,,9,05/17/2018,GBI-043,10,10,125000.0,E,1.0,0,0,0,0.0,0.0,US00,N00,USD,1.0,,05/17/2018,00/00/0000,00/00/0000,00/00/0000,00/00/0000,00/00/0000,00/00/0000,,,00/00/0000,,,,,,,,,,,,,,0.0,,1000000186,RM0000,SAP,,,,,1,,,,,,,US,,,,0,,,,0.0,,,0.0,,0.0,0.0,00/00/0000,
167,670,4500000167,US00,F,NB,,,9,05/18/2018,GBI-044,10,10,104048.0,E,1.0,0,0,0,0.0,0.0,US00,N00,USD,1.0,,05/17/2018,00/00/0000,00/00/0000,00/00/0000,00/00/0000,00/00/0000,00/00/0000,,,00/00/0000,,,,,,,,,,,,,,0.0,,1000000187,RM0000,SAP,,,,,1,,,,,,,US,,,,0,,,,0.0,,,0.0,,0.0,0.0,00/00/0000,
168,670,4500000168,US00,F,NB,,,9,05/18/2018,GBI-019,10,10,125000.0,E,1.0,0,0,0,0.0,0.0,US00,N00,USD,1.0,,05/18/2018,00/00/0000,00/00/0000,00/00/0000,00/00/0000,00/00/0000,00/00/0000,,,00/00/0000,,,,,,,,,,,,,,0.0,,1000000188,RM0000,SAP,,,,,1,,,,,,,US,,,,0,,,,0.0,,,0.0,,0.0,0.0,00/00/0000,
169,670,4500000169,US00,F,NB,,,9,05/18/2018,GBI-044,10,10,125000.0,E,1.0,0,0,0,0.0,0.0,US00,N00,USD,1.0,,05/18/2018,00/00/0000,00/00/0000,00/00/0000,00/00/0000,00/00/0000,00/00/0000,,,00/00/0000,,,,,,,,,,,,,,0.0,,1000000189,RM0000,SAP,,,,,1,,,,,,,US,,,,0,,,,0.0,,,0.0,,0.0,0.0,00/00/0000,
170,670,4500000170,US00,F,NB,,,9,05/18/2018,GBI-047,10,10,125017.0,E,1.0,0,0,0,0.0,0.0,US00,N00,USD,1.0,,05/18/2018,00/00/0000,00/00/0000,00/00/0000,00/00/0000,00/00/0000,00/00/0000,,,00/00/0000,,,,,,,,,,,,,,0.0,,1000000190,RM0000,SAP,,,,,1,,,,,,,US,,,,0,,,,0.0,,,0.0,,0.0,0.0,00/00/0000,
171,670,4500000171,US00,F,NB,,,9,05/18/2018,GBI-047,10,10,125016.0,E,1.0,0,0,0,0.0,0.0,US00,N00,USD,1.0,,05/18/2018,00/00/0000,00/00/0000,00/00/0000,00/00/0000,00/00/0000,00/00/0000,,,00/00/0000,,,,,,,,,,,,,,0.0,,1000000191,RM0000,SAP,,,,,1,,,,,,,US,,,,0,,,,0.0,,,0.0,,0.0,0.0,00/00/0000,
172,670,4500000172,US00,F,NB,,,9,05/18/2018,GBI-047,10,10,125041.0,E,1.0,0,0,0,0.0,0.0,US00,N00,USD,1.0,,05/18/2018,00/00/0000,00/00/0000,00/00/0000,00/00/0000,00/00/0000,00/00/0000,,,00/00/0000,,,,,,,,,,,,,,0.0,,1000000192,RM0000,SAP,,,,,1,,,,,,,US,,,,0,,,,0.0,,,0.0,,0.0,0.0,00/00/0000,
173,670,4500000173,US00,F,NB,,,9,05/18/2018,GBI-047,10,10,125000.0,E,1.0,0,0,0,0.0,0.0,US00,N00,USD,1.0,,05/18/2018,00/00/0000,00/00/0000,00/00/0000,00/00/0000,00/00/0000,00/00/0000,,,00/00/0000,,,,,,,,,,,,,,0.0,,1000000193,RM0000,SAP,,,,,1,,,,,,,US,,,,0,,,,0.0,,,0.0,,0.0,0.0,00/00/0000,
174,670,4500000174,US00,F,NB,,,9,05/18/2018,GBI-025,10,10,125015.0,E,1.0,0,0,0,0.0,0.0,US00,N00,USD,1.0,,05/18/2018,00/00/0000,00/00/0000,00/00/0000,00/00/0000,00/00/0000,00/00/0000,,,00/00/0000,,,,,,,,,,,,,,0.0,,1000000194,RM0000,SAP,,,,,1,,,,,,,US,,,,0,,,,0.0,,,0.0,,0.0,0.0,00/00/0000,
175,670,4500000175,US00,F,NB,,,9,05/18/2018,GBI-010,10,10,105262.0,E,1.0,0,0,0,0.0,0.0,US00,N00,USD,1.0,,05/18/2018,00/00/0000,00/00/0000,00/00/0000,00/00/0000,00/00/0000,00/00/0000,,,00/00/0000,,,,,,,,,,,,,,0.0,,1000000195,RM0000,SAP,,,,,1,,,,,,,US,,,,0,,,,0.0,,,0.0,,0.0,0.0,00/00/0000,
176,670,4500000176,US00,F,NB,,,9,05/18/2018,GBI-010,10,10,104048.0,E,1.0,0,0,0,0.0,0.0,US00,N00,USD,1.0,,05/18/2018,00/00/0000,00/00/0000,00/00/0000,00/00/0000,00/00/0000,00/00/0000,,,00/00/0000,,,,,,,,,,,,,,0.0,,1000000196,RM0000,SAP,,,,,1,,,,,,,US,,,,0,,,,0.0,,,0.0,,0.0,0.0,00/00/0000,
177,670,4500000177,US00,F,NB,,,9,05/18/2018,GBI-010,10,10,108171.0,E,1.0,0,0,0,0.0,0.0,US00,N00,USD,1.0,,05/18/2018,00/00/0000,00/00/0000,00/00/0000,00/00/0000,00/00/0000,00/00/0000,,,00/00/0000,,,,,,,,,,,,,,0.0,,1000000197,RM0000,SAP,,,,,1,,,,,,,US,,,,0,,,,0.0,,,0.0,,0.0,0.0,00/00/0000,
178,670,4500000178,US00,F,NB,,,9,05/18/2018,GBI-025,10,10,107712.0,E,1.0,0,0,0,0.0,0.0,US00,N00,USD,1.0,,05/18/2018,00/00/0000,00/00/0000,00/00/0000,00/00/0000,00/00/0000,00/00/0000,,,00/00/0000,,,,,,,,,,,,,,0.0,,1000000198,RM0000,SAP,,,,,1,,,,,,,US,,,,0,,,,0.0,,,0.0,,0.0,0.0,00/00/0000,
179,670,4500000179,US00,F,NB,,,9,05/18/2018,GBI-010,10,10,107310.0,E,1.0,0,0,0,0.0,0.0,US00,N00,USD,1.0,,05/18/2018,00/00/0000,00/00/0000,00/00/0000,00/00/0000,00/00/0000,00/00/0000,,,00/00/0000,,,,,,,,,,,,,,0.0,,1000000199,RM0000,SAP,,,,,1,,,,,,,US,,,,0,,,,0.0,,,0.0,,0.0,0.0,00/00/0000,
180,670,4500000180,US00,F,NB,,,9,05/18/2018,GBI-025,10,10,102610.0,E,1.0,0,0,0,0.0,0.0,US00,N00,USD,1.0,,05/18/2018,00/00/0000,00/00/0000,00/00/0000,00/00/0000,00/00/0000,00/00/0000,,,00/00/0000,,,,,,,,,,,,,,0.0,,1000000200,RM0000,SAP,,,,,1,,,,,,,US,,,,0,,,,0.0,,,0.0,,0.0,0.0,00/00/0000,
181,670,4500000181,US00,F,NB,,,9,05/18/2018,GBI-010,10,10,125000.0,E,1.0,0,0,0,0.0,0.0,US00,N00,USD,1.0,,05/18/2018,00/00/0000,00/00/0000,00/00/0000,00/00/0000,00/00/0000,00/00/0000,,,00/00/0000,,,,,,,,,,,,,,0.0,,1000000201,RM0000,SAP,,,,,1,,,,,,,US,,,,0,,,,0.0,,,0.0,,0.0,0.0,00/00/0000,
182,670,4500000182,US00,F,NB,,,9,05/18/2018,GBI-040,10,10,125003.0,E,1.0,0,0,0,0.0,0.0,US00,N00,USD,1.0,,05/18/2018,00/00/0000,00/00/0000,00/00/0000,00/00/0000,00/00/0000,00/00/0000,,,00/00/0000,,,,,,,,,,,,,,0.0,,1000000202,RM0000,SAP,,,,,1,,,,,,,US,,,,0,,,,0.0,,,0.0,,0.0,0.0,00/00/0000,
183,670,4500000183,US00,F,NB,,,9,05/18/2018,GBI-018,10,10,105008.0,E,1.0,0,0,0,0.0,0.0,US00,N00,USD,1.0,,05/18/2018,00/00/0000,00/00/0000,00/00/0000,00/00/0000,00/00/0000,00/00/0000,,,00/00/0000,,,,,,,,,,,,,,0.0,,1000000203,RM0000,SAP,,,,,1,,,,,,,US,,,,0,,,,0.0,,,0.0,,0.0,0.0,00/00/0000,
184,670,4500000184,US00,F,NB,,,9,05/18/2018,GBI-018,10,10,105009.0,E,1.0,0,0,0,0.0,0.0,US00,N00,USD,1.0,,05/18/2018,00/00/0000,00/00/0000,00/00/0000,00/00/0000,00/00/0000,00/00/0000,,,00/00/0000,,,,,,,,,,,,,,0.0,,1000000204,RM0000,SAP,,,,,1,,,,,,,US,,,,0,,,X,0.0,,,0.0,,0.0,0.0,00/00/0000,
185,670,4500000185,US00,F,NB,,,9,05/18/2018,GBI-018,10,10,105010.0,E,1.0,0,0,0,0.0,0.0,US00,N00,USD,1.0,,05/18/2018,00/00/0000,00/00/0000,00/00/0000,00/00/0000,00/00/0000,00/00/0000,,,00/00/0000,,,,,,,,,,,,,,0.0,,1000000205,RM0000,SAP,,,,,1,,,,,,,US,,,,0,,,,0.0,,,0.0,,0.0,0.0,00/00/0000,
186,670,4500000186,US00,F,NB,,,9,05/18/2018,GBI-040,10,10,125039.0,E,1.0,0,0,0,0.0,0.0,US00,N00,USD,1.0,,05/18/2018,00/00/0000,00/00/0000,00/00/0000,00/00/0000,00/00/0000,00/00/0000,,,00/00/0000,,,,,,,,,,,,,,0.0,,1000000206,RM0000,SAP,,,,,1,,,,,,,US,,,,0,,,,0.0,,,0.0,,0.0,0.0,00/00/0000,
187,670,4500000187,US00,F,NB,,,9,05/18/2018,GBI-018,10,10,105009.0,E,1.0,0,0,0,0.0,0.0,US00,N00,USD,1.0,,05/18/2018,00/00/0000,00/00/0000,00/00/0000,00/00/0000,00/00/0000,00/00/0000,,,00/00/0000,,,,,,,,,,,,,,0.0,,1000000207,RM0000,SAP,,,,,1,,,,,,,US,,,,0,,,,0.0,,,0.0,,0.0,0.0,00/00/0000,
188,670,4500000188,US00,F,NB,,,9,05/18/2018,GBI-049,10,10,125000.0,E,1.0,0,0,0,0.0,0.0,US00,N00,USD,1.0,,05/18/2018,00/00/0000,00/00/0000,00/00/0000,00/00/0000,00/00/0000,00/00/0000,,,00/00/0000,,,,,,,,,,,,,,0.0,,1000000208,RM0000,SAP,,,,,1,,,,,,,US,,,,0,,,,0.0,,,0.0,,0.0,0.0,00/00/0000,
189,670,4500000189,US00,F,NB,,,9,05/18/2018,GBI-013,10,10,104048.0,E,1.0,0,0,0,0.0,0.0,US00,N00,USD,1.0,,05/18/2018,00/00/0000,00/00/0000,00/00/0000,00/00/0000,00/00/0000,00/00/0000,,,00/00/0000,,,,,,,,,,,,,,0.0,,1000000209,RM0000,SAP,,,,,1,,,,,,,US,,,,0,,,,0.0,,,0.0,,0.0,0.0,00/00/0000,
190,670,4500000190,US00,F,NB,,,9,05/18/2018,GBI-013,10,10,107127.0,E,1.0,0,0,0,0.0,0.0,US00,N00,USD,1.0,,05/18/2018,00/00/0000,00/00/0000,00/00/0000,00/00/0000,00/00/0000,00/00/0000,,,00/00/0000,,,,,,,,,,,,,,0.0,,1000000210,RM0000,SAP,,,,,1,,,,,,,US,,,,0,,,,0.0,,,0.0,,0.0,0.0,00/00/0000,
191,670,4500000191,US00,F,NB,,,9,05/18/2018,GBI-049,10,10,125012.0,E,1.0,0,0,0,0.0,0.0,US00,N00,USD,1.0,,05/18/2018,00/00/0000,00/00/0000,00/00/0000,00/00/0000,00/00/0000,00/00/0000,,,00/00/0000,,,,,,,,,,,,,,0.0,,1000000211,RM0000,SAP,,,,,1,,,,,,,US,,,,0,,,,0.0,,,0.0,,0.0,0.0,00/00/0000,
192,670,4500000192,US00,F,NB,,,9,05/18/2018,GBI-049,10,10,125039.0,E,1.0,0,0,0,0.0,0.0,US00,N00,USD,1.0,,05/18/2018,00/00/0000,00/00/0000,00/00/0000,00/00/0000,00/00/0000,00/00/0000,,,00/00/0000,,,,,,,,,,,,,,0.0,,1000000212,RM0000,SAP,,,,,1,,,,,,,US,,,,0,,,,0.0,,,0.0,,0.0,0.0,00/00/0000,
193,670,4500000193,US00,F,NB,,,9,05/18/2018,GBI-018,10,10,125000.0,E,1.0,0,0,0,0.0,0.0,US00,N00,USD,1.0,,05/18/2018,00/00/0000,00/00/0000,00/00/0000,00/00/0000,00/00/0000,00/00/0000,,,00/00/0000,,,,,,,,,,,,,,0.0,,1000000213,RM0000,SAP,,,,,1,,,,,,,US,,,,0,,,,0.0,,,0.0,,0.0,0.0,00/00/0000,
194,670,4500000194,US00,F,NB,,,9,05/18/2018,GBI-013,10,10,106204.0,E,1.0,0,0,0,0.0,0.0,US00,N00,USD,1.0,,05/18/2018,00/00/0000,00/00/0000,00/00/0000,00/00/0000,00/00/0000,00/00/0000,,,00/00/0000,,,,,,,,,,,,,,0.0,,1000000214,RM0000,SAP,,,,,1,,,,,,,US,,,,0,,,,0.0,,,0.0,,0.0,0.0,00/00/0000,
195,670,4500000195,US00,F,NB,,,9,05/18/2018,GBI-025,10,10,102610.0,E,1.0,0,0,0,0.0,0.0,US00,N00,USD,1.0,,05/18/2018,00/00/0000,00/00/0000,00/00/0000,00/00/0000,00/00/0000,00/00/0000,,,00/00/0000,,,,,,,,,,,,,,0.0,,1000000215,RM0000,SAP,,,,,1,,,,,,,US,,,,0,,,X,0.0,,,0.0,,0.0,0.0,00/00/0000,
196,670,4500000196,US00,F,NB,,,9,05/18/2018,GBI-042,10,10,125063.0,E,1.0,0,0,0,0.0,0.0,US00,N00,USD,1.0,,05/18/2018,00/00/0000,00/00/0000,00/00/0000,00/00/0000,00/00/0000,00/00/0000,,,00/00/0000,,,,,,,,,,,,,,0.0,,1000000216,RM0000,SAP,,,,,1,,,,,,,US,,,,0,,,,0.0,,,0.0,,0.0,0.0,00/00/0000,
197,670,4500000197,US00,F,NB,,,9,05/18/2018,GBI-029,10,10,125017.0,E,1.0,0,0,0,0.0,0.0,US00,N00,USD,1.0,,05/18/2018,00/00/0000,00/00/0000,00/00/0000,00/00/0000,00/00/0000,00/00/0000,,,00/00/0000,,,,,,,,,,,,,,0.0,,1000000217,RM0000,SAP,,,,,1,,,,,,,US,,,,0,,,,0.0,,,0.0,,0.0,0.0,00/00/0000,
198,670,4500000198,US00,F,NB,,,9,05/18/2018,GBI-049,10,10,125000.0,E,1.0,0,0,0,0.0,0.0,US00,N00,USD,1.0,,05/18/2018,00/00/0000,00/00/0000,00/00/0000,00/00/0000,00/00/0000,00/00/0000,,,00/00/0000,,,,,,,,,,,,,,0.0,,1000000218,RM0000,SAP,,,,,1,,,,,,,US,,,,0,,,,0.0,,,0.0,,0.0,0.0,00/00/0000,
199,670,4500000199,US00,F,NB,,,9,05/18/2018,GBI-050,10,10,125017.0,E,1.0,0,0,0,0.0,0.0,US00,N00,USD,1.0,,05/18/2018,00/00/0000,00/00/0000,00/00/0000,00/00/0000,00/00/0000,00/00/0000,,,00/00/0000,,,,,,,,,,,,,,0.0,,1000000219,RM0000,SAP,,,,,1,,,,,,,US,,,,0,,,,0.0,,,0.0,,0.0,0.0,00/00/0000,
200,670,4500000200,US00,F,NB,,,9,05/18/2018,GBI-040,10,10,102370.0,E,1.0,0,0,0,0.0,0.0,US00,N00,USD,1.0,,05/18/2018,00/00/0000,00/00/0000,00/00/0000,00/00/0000,00/00/0000,00/00/0000,,,00/00/0000,,,,,,,,,,,,,,0.0,,1000000220,RM0000,SAP,,,,,1,,,,,,,US,,,,0,,,,0.0,,,0.0,,0.0,0.0,00/00/0000,
201,670,4500000201,US00,F,NB,,,9,05/18/2018,GBI-049,10,10,125000.0,E,1.0,0,0,0,0.0,0.0,US00,N00,USD,1.0,,05/18/2018,00/00/0000,00/00/0000,00/00/0000,00/00/0000,00/00/0000,00/00/0000,,,00/00/0000,,,,,,,,,,,,,,0.0,,1000000221,RM0000,SAP,,,,,1,,,,,,,US,,,,0,,,,0.0,,,0.0,,0.0,0.0,00/00/0000,
202,670,4500000202,US00,F,NB,,,9,05/18/2018,GBI-053,10,10,108053.0,E,1.0,0,0,0,0.0,0.0,US00,N00,USD,1.0,,05/18/2018,00/00/0000,00/00/0000,00/00/0000,00/00/0000,00/00/0000,00/00/0000,,,00/00/0000,,,,,,,,,,,,,,0.0,,1000000222,RM0000,SAP,,,,,1,,,,,,,US,,,,0,,,,0.0,,,0.0,,0.0,0.0,00/00/0000,
203,670,4500000203,US00,F,NB,,,9,05/18/2018,GBI-050,10,10,125017.0,E,1.0,0,0,0,0.0,0.0,US00,N00,USD,1.0,,05/18/2018,00/00/0000,00/00/0000,00/00/0000,00/00/0000,00/00/0000,00/00/0000,,,00/00/0000,,,,,,,,,,,,,,0.0,,1000000223,RM0000,SAP,,,,,1,,,,,,,US,,,,0,,,,0.0,,,0.0,,0.0,0.0,00/00/0000,
204,670,4500000204,US00,F,NB,,,9,05/18/2018,GBI-050,10,10,125000.0,E,1.0,0,0,0,0.0,0.0,US00,N00,USD,1.0,,05/18/2018,00/00/0000,00/00/0000,00/00/0000,00/00/0000,00/00/0000,00/00/0000,,,00/00/0000,,,,,,,,,,,,,,0.0,,1000000224,RM0000,SAP,,,,,1,,,,,,,US,,,,0,,,,0.0,,,0.0,,0.0,0.0,00/00/0000,
205,670,4500000205,US00,F,NB,,,9,05/18/2018,GBI-050,10,10,125014.0,E,1.0,0,0,0,0.0,0.0,US00,N00,USD,1.0,,05/18/2018,00/00/0000,00/00/0000,00/00/0000,00/00/0000,00/00/0000,00/00/0000,,,00/00/0000,,,,,,,,,,,,,,0.0,,1000000225,RM0000,SAP,,,,,1,,,,,,,US,,,,0,,,,0.0,,,0.0,,0.0,0.0,00/00/0000,
206,670,4500000206,US00,F,NB,,,9,05/18/2018,GBI-029,10,10,125058.0,E,1.0,0,0,0,0.0,0.0,US00,N00,USD,1.0,,05/18/2018,00/00/0000,00/00/0000,00/00/0000,00/00/0000,00/00/0000,00/00/0000,,,00/00/0000,,,,,,,,,,,,,,0.0,,1000000226,RM0000,SAP,,,,,1,,,,,,,US,,,,0,,,,0.0,,,0.0,,0.0,0.0,00/00/0000,
207,670,4500000207,US00,F,NB,,,9,05/18/2018,GBI-050,10,10,125000.0,E,1.0,0,0,0,0.0,0.0,US00,N00,USD,1.0,,05/18/2018,00/00/0000,00/00/0000,00/00/0000,00/00/0000,00/00/0000,00/00/0000,,,00/00/0000,,,,,,,,,,,,,,0.0,,1000000227,RM0000,SAP,,,,,1,,,,,,,US,,,,0,,,,0.0,,,0.0,,0.0,0.0,00/00/0000,
208,670,4500000208,US00,F,NB,,,9,05/18/2018,GBI-029,10,10,125045.0,E,1.0,0,0,0,0.0,0.0,US00,N00,USD,1.0,,05/18/2018,00/00/0000,00/00/0000,00/00/0000,00/00/0000,00/00/0000,00/00/0000,,,00/00/0000,,,,,,,,,,,,,,0.0,,1000000228,RM0000,SAP,,,,,1,,,,,,,US,,,,0,,,,0.0,,,0.0,,0.0,0.0,00/00/0000,
209,670,4500000209,US00,F,NB,,,9,05/18/2018,GBI-029,10,10,125000.0,E,1.0,0,0,0,0.0,0.0,US00,N00,USD,1.0,,05/18/2018,00/00/0000,00/00/0000,00/00/0000,00/00/0000,00/00/0000,00/00/0000,,,00/00/0000,,,,,,,,,,,,,,0.0,,1000000229,RM0000,SAP,,,,,1,,,,,,,US,,,,0,,,,0.0,,,0.0,,0.0,0.0,00/00/0000,
210,670,4500000210,US00,F,NB,,,9,05/18/2018,GBI-053,10,10,104053.0,E,1.0,0,0,0,0.0,0.0,US00,N00,USD,1.0,,05/18/2018,00/00/0000,00/00/0000,00/00/0000,00/00/0000,00/00/0000,00/00/0000,,,00/00/0000,,,,,,,,,,,,,,0.0,,1000000230,RM0000,SAP,,,,,1,,,,,,,US,,,,0,,,,0.0,,,0.0,,0.0,0.0,00/00/0000,
211,670,4500000211,US00,F,NB,,,9,05/18/2018,GBI-053,10,10,101053.0,E,1.0,0,0,0,0.0,0.0,US00,N00,USD,1.0,,05/18/2018,00/00/0000,00/00/0000,00/00/0000,00/00/0000,00/00/0000,00/00/0000,,,00/00/0000,,,,,,,,,,,,,,0.0,,1000000231,RM0000,SAP,,,,,1,,,,,,,US,,,,0,,,,0.0,,,0.0,,0.0,0.0,00/00/0000,
212,670,4500000212,US00,F,NB,,,9,05/18/2018,GBI-025,10,10,107712.0,E,1.0,0,0,0,0.0,0.0,US00,N00,USD,1.0,,05/18/2018,00/00/0000,00/00/0000,00/00/0000,00/00/0000,00/00/0000,00/00/0000,,,00/00/0000,,,,,,,,,,,,,,0.0,,1000000232,RM0000,SAP,,,,,1,,,,,,,US,,,,0,,,,0.0,,,0.0,,0.0,0.0,00/00/0000,
213,670,4500000213,US00,F,NB,,,9,05/18/2018,GBI-053,10,10,110053.0,E,1.0,0,0,0,0.0,0.0,US00,N00,USD,1.0,,05/18/2018,00/00/0000,00/00/0000,00/00/0000,00/00/0000,00/00/0000,00/00/0000,,,00/00/0000,,,,,,,,,,,,,,0.0,,1000000233,RM0000,SAP,,,,,1,,,,,,,US,,,,0,,,,0.0,,,0.0,,0.0,0.0,00/00/0000,
214,670,4500000214,US00,F,NB,,,9,05/18/2018,GBI-025,10,10,102610.0,E,1.0,0,0,0,0.0,0.0,US00,N00,USD,1.0,,05/18/2018,00/00/0000,00/00/0000,00/00/0000,00/00/0000,00/00/0000,00/00/0000,,,00/00/0000,,,,,,,,,,,,,,0.0,,1000000234,RM0000,SAP,,,,,1,,,,,,,US,,,,0,,,,0.0,,,0.0,,0.0,0.0,00/00/0000,
215,670,4500000215,US00,F,NB,,,9,05/18/2018,GBI-053,10,10,125000.0,E,1.0,0,0,0,0.0,0.0,US00,N00,USD,1.0,,05/18/2018,00/00/0000,00/00/0000,00/00/0000,00/00/0000,00/00/0000,00/00/0000,,,00/00/0000,,,,,,,,,,,,,,0.0,,1000000235,RM0000,SAP,,,,,1,,,,,,,US,,,,0,,,,0.0,,,0.0,,0.0,0.0,00/00/0000,
216,670,4500000216,US00,F,NB,,,9,05/18/2018,GBI-040,10,10,102375.0,E,1.0,0,0,0,0.0,0.0,US00,N00,USD,1.0,,05/18/2018,00/00/0000,00/00/0000,00/00/0000,00/00/0000,00/00/0000,00/00/0000,,,00/00/0000,,,,,,,,,,,,,,0.0,,1000000236,RM0000,SAP,,,,,1,,,,,,,US,,,,0,,,,0.0,,,0.0,,0.0,0.0,00/00/0000,
217,670,4500000217,US00,F,NB,,,9,05/18/2018,GBI-040,10,10,109165.0,E,1.0,0,0,0,0.0,0.0,US00,N00,USD,1.0,,05/18/2018,00/00/0000,00/00/0000,00/00/0000,00/00/0000,00/00/0000,00/00/0000,,,00/00/0000,,,,,,,,,,,,,,0.0,,1000000237,RM0000,SAP,,,,,1,,,,,,,US,,,,0,,,,0.0,,,0.0,,0.0,0.0,00/00/0000,
218,670,4500000218,US00,F,NB,,,9,05/18/2018,GBI-025,10,10,106591.0,E,1.0,0,0,0,0.0,0.0,US00,N00,USD,1.0,,05/18/2018,00/00/0000,00/00/0000,00/00/0000,00/00/0000,00/00/0000,00/00/0000,,,00/00/0000,,,,,,,,,,,,,,0.0,,1000000238,RM0000,SAP,,,,,1,,,,,,,US,,,,0,,,,0.0,,,0.0,,0.0,0.0,00/00/0000,
219,670,4500000219,US00,F,NB,,,9,05/18/2018,GBI-025,10,10,125000.0,E,1.0,0,0,0,0.0,0.0,US00,N00,USD,1.0,,05/18/2018,00/00/0000,00/00/0000,00/00/0000,00/00/0000,00/00/0000,00/00/0000,,,00/00/0000,,,,,,,,,,,,,,0.0,,1000000239,RM0000,SAP,,,,,1,,,,,,,US,,,,0,,,,0.0,,,0.0,,0.0,0.0,00/00/0000,
220,670,4500000220,US00,F,NB,,,9,05/18/2018,GBI-040,10,10,125000.0,E,1.0,0,0,0,0.0,0.0,US00,N00,USD,1.0,,05/18/2018,00/00/0000,00/00/0000,00/00/0000,00/00/0000,00/00/0000,00/00/0000,,,00/00/0000,,,,,,,,,,,,,,0.0,,1000000240,RM0000,SAP,,,,,1,,,,,,,US,,,,0,,,,0.0,,,0.0,,0.0,0.0,00/00/0000,
221,670,4500000221,US00,F,NB,,,9,05/18/2018,GBI-025,10,10,106592.0,E,1.0,0,0,0,0.0,0.0,US00,N00,USD,1.0,,05/18/2018,00/00/0000,00/00/0000,00/00/0000,00/00/0000,00/00/0000,00/00/0000,,,00/00/0000,,,,,,,,,,,,,,0.0,,1000000241,RM0000,SAP,,,,,1,,,,,,,US,,,,0,,,,0.0,,,0.0,,0.0,0.0,00/00/0000,
222,670,4500000222,US00,F,NB,,,9,05/18/2018,GBI-025,10,10,107713.0,E,1.0,0,0,0,0.0,0.0,US00,N00,USD,1.0,,05/18/2018,00/00/0000,00/00/0000,00/00/0000,00/00/0000,00/00/0000,00/00/0000,,,00/00/0000,,,,,,,,,,,,,,0.0,,1000000242,RM0000,SAP,,,,,1,,,,,,,US,,,,0,,,,0.0,,,0.0,,0.0,0.0,00/00/0000,
223,670,4500000223,US00,F,NB,,,9,05/18/2018,GBI-048,10,10,125000.0,E,1.0,0,0,0,0.0,0.0,US00,N00,USD,1.0,,05/18/2018,00/00/0000,00/00/0000,00/00/0000,00/00/0000,00/00/0000,00/00/0000,,,00/00/0000,,,,,,,,,,,,,,0.0,,1000000243,RM0000,SAP,,,,,1,,,,,,,US,,,,0,,,,0.0,,,0.0,,0.0,0.0,00/00/0000,
224,670,4500000224,US00,F,NB,,,9,05/18/2018,GBI-085,10,10,112085.0,E,1.0,0,0,0,0.0,0.0,US00,N00,USD,1.0,,05/18/2018,00/00/0000,00/00/0000,00/00/0000,00/00/0000,00/00/0000,00/00/0000,,,00/00/0000,,,,,,,,,,,,,,0.0,,1000000244,RM0000,SAP,,,,,1,,,,,,,US,,,,0,,,,0.0,,,0.0,,0.0,0.0,00/00/0000,
225,670,4500000225,US00,F,NB,,,9,05/18/2018,GBI-085,10,10,112085.0,E,1.0,0,0,0,0.0,0.0,US00,N00,USD,1.0,,05/18/2018,00/00/0000,00/00/0000,00/00/0000,00/00/0000,00/00/0000,00/00/0000,,,00/00/0000,,,,,,,,,,,,,,0.0,,1000000245,RM0000,SAP,,,,,1,,,,,,,US,,,,0,,,,0.0,,,0.0,,0.0,0.0,00/00/0000,
226,670,4500000226,US00,F,NB,,,9,05/18/2018,GBI-085,10,10,112085.0,E,1.0,0,0,0,0.0,0.0,US00,N00,USD,1.0,,05/18/2018,00/00/0000,00/00/0000,00/00/0000,00/00/0000,00/00/0000,00/00/0000,,,00/00/0000,,,,,,,,,,,,,,0.0,,1000000246,RM0000,SAP,,,,,1,,,,,,,US,,,,0,,,,0.0,,,0.0,,0.0,0.0,00/00/0000,
227,670,4500000227,US00,F,NB,,,9,05/18/2018,GBI-085,10,10,112085.0,E,1.0,0,0,0,0.0,0.0,US00,N00,USD,1.0,,05/18/2018,00/00/0000,00/00/0000,00/00/0000,00/00/0000,00/00/0000,00/00/0000,,,00/00/0000,,,,,,,,,,,,,,0.0,,1000000247,RM0000,SAP,,,,,1,,,,,,,US,,,,0,,,X,0.0,,,0.0,,0.0,0.0,00/00/0000,
228,670,4500000228,US00,F,NB,,,9,05/18/2018,GBI-013,10,10,125000.0,E,1.0,0,0,0,0.0,0.0,US00,N00,USD,1.0,,05/18/2018,00/00/0000,00/00/0000,00/00/0000,00/00/0000,00/00/0000,00/00/0000,,,00/00/0000,,,,,,,,,,,,,,0.0,,1000000248,RM0000,SAP,,,,,1,,,,,,,US,,,,0,,,,0.0,,,0.0,,0.0,0.0,00/00/0000,
229,670,4500000229,US00,F,NB,,,9,05/18/2018,GBI-013,10,10,125000.0,E,1.0,0,0,0,0.0,0.0,US00,N00,USD,1.0,,05/18/2018,00/00/0000,00/00/0000,00/00/0000,00/00/0000,00/00/0000,00/00/0000,,,00/00/0000,,,,,,,,,,,,,,0.0,,1000000249,RM0000,SAP,,,,,1,,,,,,,US,,,,0,,,,0.0,,,0.0,,0.0,0.0,00/00/0000,
230,670,4500000230,US00,F,NB,,,9,05/18/2018,GBI-085,10,10,125000.0,E,1.0,0,0,0,0.0,0.0,US00,N00,USD,1.0,,05/18/2018,00/00/0000,00/00/0000,00/00/0000,00/00/0000,00/00/0000,00/00/0000,,,00/00/0000,,,,,,,,,,,,,,0.0,,1000000250,RM0000,SAP,,,,,1,,,,,,,US,,,,0,,,,0.0,,,0.0,,0.0,0.0,00/00/0000,
231,670,4500000231,US00,F,NB,,,9,05/18/2018,GBI-025,10,10,107714.0,E,1.0,0,0,0,0.0,0.0,US00,N00,USD,1.0,,05/18/2018,00/00/0000,00/00/0000,00/00/0000,00/00/0000,00/00/0000,00/00/0000,,,00/00/0000,,,,,,,,,,,,,,0.0,,1000000251,RM0000,SAP,,,,,1,,,,,,,US,,,,0,,,,0.0,,,0.0,,0.0,0.0,00/00/0000,
232,670,4500000232,US00,F,NB,,,9,05/21/2018,GBIFAC-01,10,60,105001.0,E,1.0,0,0,0,0.0,0.0,US00,N00,USD,1.0,,05/21/2018,00/00/0000,00/00/0000,00/00/0000,00/00/0000,00/00/0000,00/00/0000,,,00/00/0000,,,,,,,,,,,,,,0.0,,1000000252,RM0000,SAP,,,,,1,,,,,,,US,,,,0,,,,0.0,,,0.0,,0.0,0.0,00/00/0000,
233,670,4500000233,US00,F,UB,T,,9,05/21/2018,GBIFAC-01,10,10,,E,,0,0,0,0.0,0.0,US00,N00,USD,1.0,,05/21/2018,00/00/0000,00/00/0000,00/00/0000,00/00/0000,00/00/0000,00/00/0000,,,00/00/0000,,,,,,,,,,DL00,,,,0.0,,1000000253,RM2000,SAP,,,,,1,,,,,,,US,,,,0,,,,0.0,,,0.0,,0.0,0.0,00/00/0000,
